Reporting Account Name,Cusip,Security Description1,Security Description2,Coupon Rate,Maturity Date,Shares,Base Cost,Base Market Value,Base Unrealized Gain/Loss,Fair Value Hierarchy Level,Fair Value Hierarchy Override,Accrued Interest Income,Total Interest Receivable Market,Holdings As Of Date,Price Date,Acctg Status Update (CDT),Reporting Accounting Status,Holdings Price Base,Holdings Price Local,Price Source,Price Source Description,Price Type Description,5500 Category Description,Asset Category Description,Asset Type Description,Security Type Description,Issue Type Description,Asset Types,Security Type,Issuer Name,S&P Issue Quality Rating,S&P Base LT Rating,S&P Base ST Rating,S&P Ultimate LT Rating,S&P Ultimate ST Rating,S&P Parent LT Rating,S&P Parent ST Rating,S&P Quality Rating - Non GRS,Moody's Issue Quality Rating,Moody's Base LT Rating,Moody's Base ST Rating,Moody's Ultimate LT Rating,Moody's Ultimate ST Rating,Moody's Parent LT Rating,Moody's Parent ST Rating,Moody Quality Rating - Non GRS,Worst Rating,Average Issue Quality Rating,Payment Frequency,Payment Frequency Desc,Income Rate Type Desc,Ticker,Frequency Requirement,Frequency Requirement Desc,Position Type,Security Class Type,Fitch Issue Quality Rating,Fitch Base LT Rating,Fitch Ultimate LT Rating,Fitch Parent LT Rating,Parent Issuer Name,Income Rate Type,Asset Mix Description,BNYM Classification - Segment,Mellon Security ID,ISIN,Sedol,Base Currency Description,Bloomberg Market Sector,Issuer Base Currency
MILL TTF EQ-DIV,20825C104,CONOCOPHILLIPS,,0,,"23,995.00","1,280,978.23","2,700,397.30","1,419,419.07",1.00,NO,0,0,2/29/24,2/29/24,3/6/2024 12:34:41 AM,FINAL,112.54,112.54,T,IDSI,CLOSE,CORPORATE STOCK - COMMON,EQUITY,OIL & GAS,,COMMON,E,S,ConocoPhillips,,A-,A-2,A-,A-2,A-,A-2,NR,,A2,WR,A2,WR,A2,WR,NR,,-,0,INTEREST AT MAT OR NO INTEREST,,COP,D,DAILY,,OIL & GAS,-,A,A,A,ConocoPhillips,,USD EQUITY,EQUITIES,20825C104,US20825C1045,2685717,U.S. DOLLAR,Equity,USD
MILL TTF EQ-DIV,458140100,INTEL CORP,,0.00,,"23,995.00","587,265.30","1,032,984.75","445,719.45",1.00,NO,0.00,0.00,2/29/24,2/29/24,3/6/2024 12:34:41 AM,FINAL,43.05,43.05,T,IDSI,CLOSE,CORPORATE STOCK - COMMON,EQUITY,SEMICONDUCTORS,,COMMON,E,S,Intel Corp,,A-,A-2,A-,A-2,A-,A-2,NR,,A3,P-2,A3,P-2,A3,P-2,P-3,,,0,INTEREST AT MAT OR NO INTEREST,,INTC,D,DAILY,,SEMICONDUCTORS,,A-,A-,A-,Intel Corp,,USD EQUITY,EQUITIES,458140100,US4581401001,2463247,U.S. DOLLAR,Equity,USD
MILL TTF EQ-DIV,487836108,KELLANOVA,,0.00,,"25,527.00","1,484,391.71","1,407,814.05","-76,577.66",1.00,NO,0.00,0.00,2/29/24,2/29/24,3/6/2024 12:34:41 AM,FINAL,55.15,55.15,T,IDSI,CLOSE,CORPORATE STOCK - COMMON,EQUITY,FOOD PROCESSING,,COMMON,E,S,Kellanova,,NR,NR,NR,NR,NR,NR,NR,,Baa2,P-2,Baa2,P-2,Baa2,P-2,P-3,,,0,INTEREST AT MAT OR NO INTEREST,,K,D,DAILY,,FOOD BEVERAGE & ALLIED PRODUCTS,,BBB,BBB,BBB,Kellanova,,USD EQUITY,EQUITIES,487836108,US4878361082,2486813,U.S. DOLLAR,Equity,USD
MILL TTF EQ-DIV,594918104,MICROSOFT CORP,,0.00,,"23,995.00","815,783.26","9,925,291.80","9,109,508.54",1.00,NO,0.00,0.00,2/29/24,2/29/24,3/6/2024 12:34:41 AM,FINAL,413.64,413.64,T,IDSI,CLOSE,CORPORATE STOCK - COMMON,EQUITY,SOFTWARE,,COMMON,E,S,Microsoft Corp,,AAA,A-1+,AAA,A-1+,AAA,A-1+,NR,,Aaa,P-1,Aaa,P-1,Aaa,P-1,P-3,,,0,INTEREST AT MAT OR NO INTEREST,,MSFT,D,DAILY,,SOFTWARE,,WD,WD,WD,Microsoft Corp,,USD EQUITY,EQUITIES,594918104,US5949181045,2588173,U.S. DOLLAR,Equity,USD
MILL TTF EQ-DIV,842587107,SOUTHERN CO/THE,,0.00,,"23,995.00","1,075,052.40","1,613,663.75","538,611.35",1.00,NO,0.00,0.00,2/29/24,2/29/24,3/6/2024 12:34:41 AM,FINAL,67.25,67.25,T,IDSI,CLOSE,CORPORATE STOCK - COMMON,EQUITY,ELECTRIC,,COMMON,E,S,Southern Co/The,,BBB+,A-2,BBB+,A-2,BBB+,A-2,NR,,Baa2,P-2,Baa2,P-2,Baa2,P-2,P-3,,-,0,INTEREST AT MAT OR NO INTEREST,,SO,D,DAILY,,UTILITIES,-,BBB+,BBB+,BBB+,Southern Co/The,,USD EQUITY,EQUITIES,842587107,US8425871071,2829601,U.S. DOLLAR,Equity,USD
MILL TTF EQ-DIV,742718109,PROCTER & GAMBLE CO/THE,,0.00,,"23,995.00","1,765,337.68","3,813,765.30","2,048,427.62",1.00,NO,0.00,0.00,2/29/24,2/29/24,3/6/2024 12:34:41 AM,FINAL,158.94,158.94,T,IDSI,CLOSE,CORPORATE STOCK - COMMON,EQUITY,COSMETICS/PERSONAL CARE,,COMMON,E,S,Procter & Gamble Co/The,,AA-,A-1+,AA-,A-1+,AA-,A-1+,NR,,Aa3,P-1,Aa3,P-1,Aa3,P-1,P-3,,,0,INTEREST AT MAT OR NO INTEREST,,PG,D,DAILY,,COSMTEICS TOILETRIES & HOUSEHOLD PRODUCTS,,,,,Procter & Gamble Co/The,,USD EQUITY,EQUITIES,742718109,US7427181091,2704407,U.S. DOLLAR,Equity,USD
MILL TTF EQ-DIV,744573106,PUBLIC SERVICE ENTERPRISE GROU,,0.00,,"23,995.00","861,510.16","1,497,288.00","635,777.84",1.00,NO,0.00,0.00,2/29/24,2/29/24,3/6/2024 12:34:41 AM,FINAL,62.40,62.40,T,IDSI,CLOSE,CORPORATE STOCK - COMMON,EQUITY,ELECTRIC,,COMMON,E,S,Public Service Enterprise Group Inc,,BBB+,A-2,BBB+,A-2,BBB+,A-2,NR,,Baa2,P-2,Baa2,P-2,Baa2,P-2,P-3,,,0,INTEREST AT MAT OR NO INTEREST,,PEG,D,DAILY,,UTILITIES,,WD,WD,WD,Public Service Enterprise Group Inc,,USD EQUITY,EQUITIES,744573106,US7445731067,2707677,U.S. DOLLAR,Equity,USD
MILL TTF EQ-DIV,92942W107,WK KELLOGG CO,,0.00,,"6,936.00","99,926.73","101,543.04","1,616.31",1.00,NO,0.00,0.00,2/29/24,2/29/24,3/6/2024 12:34:41 AM,FINAL,14.64,14.64,T,IDSI,CLOSE,CORPORATE STOCK - COMMON,EQUITY,FOOD PROCESSING,,COMMON,E,S,WK Kellogg Co,,,,,,,,,,,,,,,,,,,0,INTEREST AT MAT OR NO INTEREST,,KLG,D,DAILY,,FOOD BEVERAGE & ALLIED PRODUCTS,,,,,WK Kellogg Co,,USD EQUITY,EQUITIES,92942W107,US92942W1071,BNNJC42,U.S. DOLLAR,Equity,USD
MILLENNIUM TTF MF,922040407,VANGUARD INST TTL STK-INST+,,0.00,,"4,637,481.67","244,656,674.90","407,031,766.44","162,375,091.54",1.00,NO,0.00,0.00,2/29/24,2/29/24,3/6/2024 12:34:41 AM,FINAL,87.77,87.77,T,IDSI,BID,REGISTERED INVESTMENT COMPANIES,EQUITY,US EQUITY INDEX FUNDS (US REGULATED),,COMMON,E,S,Vanguard Group Inc/The,,,,,,,,,,,,,,,,,,,0,INTEREST AT MAT OR NO INTEREST,,VITPX,D,DAILY,,EQUITY FUND,,,,,Vanguard Institutional Index Funds,,USD EQUITY,EQUITIES,922040407,US9220404076,BW9H4Z8,U.S. DOLLAR,Equity,USD
MILLENNIUM TTF MF,922908868,VANGUARD GROWTH INDEX-INST,,0.00,,"29,081.60","5,000,000.00","5,092,188.69","92,188.69",1.00,NO,0.00,0.00,2/29/24,2/29/24,3/6/2024 12:34:41 AM,FINAL,175.10,175.10,T,IDSI,BID,REGISTERED INVESTMENT COMPANIES,EQUITY,US EQUITY INDEX FUNDS (US REGULATED),,COMMON,E,S,Vanguard Group Inc/The,,,,,,,,,,,,,,,,,,,0,INTEREST AT MAT OR NO INTEREST,,VIGIX,D,DAILY,,EQUITY FUND,,,,,Vanguard Index Funds,,USD EQUITY,EQUITIES,922908868,US9229088680,,U.S. DOLLAR,Equity,USD
MILL TTF EQ-DIV,871829107,SYSCO CORP,,0.00,,"23,995.00","843,299.07","1,942,875.15","1,099,576.08",1.00,NO,0.00,0.00,2/29/24,2/29/24,3/6/2024 12:34:41 AM,FINAL,80.97,80.97,T,IDSI,CLOSE,CORPORATE STOCK - COMMON,EQUITY,FOOD PROCESSING,,COMMON,E,S,Sysco Corp,,BBB,A-2,BBB,A-2,BBB,A-2,NR,,Baa1,P-2,Baa1,P-2,Baa1,P-2,P-3,,,0,INTEREST AT MAT OR NO INTEREST,,SYY,D,DAILY,,FOOD BEVERAGE & ALLIED PRODUCTS,,BBB,BBB,BBB,Sysco Corp,,USD EQUITY,EQUITIES,871829107,US8718291078,2868165,U.S. DOLLAR,Equity,USD
MILL TTF EQ-DIV,205887102,CONAGRA BRANDS INC,,0.00,,"23,995.00","628,983.19","673,779.60","44,796.41",1.00,NO,0.00,0.00,2/29/24,2/29/24,3/6/2024 12:34:41 AM,FINAL,28.08,28.08,T,IDSI,CLOSE,CORPORATE STOCK - COMMON,EQUITY,FOOD PROCESSING,,COMMON,E,S,Conagra Brands Inc,,BBB-,A-3,BBB-,A-3,BBB-,A-3,NR,,Baa3,P-3,Baa3,P-3,Baa3,P-3,,,,0,INTEREST AT MAT OR NO INTEREST,,CAG,D,DAILY,,FOOD BEVERAGE & ALLIED PRODUCTS,,BBB-,BBB-,BBB-,Conagra Brands Inc,,USD EQUITY,EQUITIES,205887102,US2058871029,2215460,U.S. DOLLAR,Equity,USD
MILL TTF EQ-DIV,494368103,KIMBERLY-CLARK CORP,,0.00,,"23,995.00","2,206,397.78","2,907,474.15","701,076.37",1.00,NO,0.00,0.00,2/29/24,2/29/24,3/6/2024 12:34:41 AM,FINAL,121.17,121.17,T,IDSI,CLOSE,CORPORATE STOCK - COMMON,EQUITY,HOUSEHOLD PRODUCTS/WARES,,COMMON,E,S,Kimberly-Clark Corp,,A,A-1,A,A-1,A,A-1,NR,,A2,P-1,A2,P-1,A2,P-1,,,,0,INTEREST AT MAT OR NO INTEREST,,KMB,D,DAILY,,COSMTEICS TOILETRIES & HOUSEHOLD PRODUCTS,,WD,WD,WD,Kimberly-Clark Corp,,USD EQUITY,EQUITIES,494368103,US4943681035,2491839,U.S. DOLLAR,Equity,USD
MILL TTF EQ-DIV,713448108,PEPSICO INC,,0.00,,"23,995.00","1,929,304.42","3,967,333.30","2,038,028.88",1.00,NO,0.00,0.00,2/29/24,2/29/24,3/6/2024 12:34:41 AM,FINAL,165.34,165.34,T,IDSI,CLOSE,CORPORATE STOCK - COMMON,EQUITY,BEVERAGES,,COMMON,E,S,PepsiCo Inc,,A+,A-1,A+,A-1,A+,A-1,NR,,A1,P-1,A1,P-1,A1,P-1,P-3,,,0,INTEREST AT MAT OR NO INTEREST,,PEP,D,DAILY,,FOOD BEVERAGE & ALLIED PRODUCTS,,WD,WD,WD,PepsiCo Inc,,USD EQUITY,EQUITIES,713448108,US7134481081,2681511,U.S. DOLLAR,Equity,USD
MILL TTF EQ-DIV,921946406,VANGUARD HIGH DVD YIELD ETF,,0.00,,"36,370.00","3,999,943.54","4,197,825.40","197,881.86",1.00,NO,0.00,0.00,2/29/24,2/29/24,3/6/2024 12:34:41 AM,FINAL,115.42,115.42,T,IDSI,CLOSE,REGISTERED INVESTMENT COMPANIES,EQUITY,US EQUITY INDEX ETF (US REGULATED),,COMMON,E,S,Vanguard Group Inc/The,,,,,,,,,,,,,,,,,,,0,INTEREST AT MAT OR NO INTEREST,,VYM,D,DAILY,,EQUITY FUND,,,,,Vanguard ETF/USA,,USD EQUITY,EQUITIES,921946406,US9219464065,B1HLJ94,U.S. DOLLAR,Equity,USD
MILLENNIUM TTF MF,922040100,VANGUARD INST INDEX-INST,,0.00,,"25,563.04","10,082,119.00","10,773,032.37","690,913.37",1.00,NO,0.00,0.00,2/29/24,2/29/24,3/6/2024 12:34:41 AM,FINAL,421.43,421.43,T,IDSI,BID,REGISTERED INVESTMENT COMPANIES,EQUITY,US EQUITY FUNDS (US REGULATED),,COMMON,E,S,Vanguard Group Inc/The,,,,,,,,,,,,,,,,P-2,,,0,INTEREST AT MAT OR NO INTEREST,,VINIX,D,DAILY,,EQUITY FUND,,,,,Vanguard Institutional Index Funds,,MUTUAL FUNDS,EQUITIES,922040100,US9220401007,2112044,U.S. DOLLAR,Equity,USD
MILL TTF EQ-DIV,189054109,CLOROX CO/THE,,0.00,,"23,995.00","2,132,328.84","3,678,673.45","1,546,344.61",1.00,NO,0.00,0.00,2/29/24,2/29/24,3/6/2024 12:34:41 AM,FINAL,153.31,153.31,T,IDSI,CLOSE,CORPORATE STOCK - COMMON,EQUITY,HOUSEHOLD PRODUCTS/WARES,,COMMON,E,S,Clorox Co/The,,BBB+,A-2,BBB+,A-2,BBB+,A-2,NR,,Baa1,P-2,Baa1,P-2,Baa1,P-2,P-3,,,0,INTEREST AT MAT OR NO INTEREST,,CLX,D,DAILY,,COSMTEICS TOILETRIES & HOUSEHOLD PRODUCTS,,WD,WD,WD,Clorox Co/The,,USD EQUITY,EQUITIES,189054109,US1890541097,2204026,U.S. DOLLAR,Equity,USD
MILL TTF EQ-DIV,314211103,FEDERATED HERMES INC,,0.00,,"23,995.00","618,580.01","845,343.85","226,763.84",1.00,NO,0.00,0.00,2/29/24,2/29/24,3/6/2024 12:34:41 AM,FINAL,35.23,35.23,T,IDSI,CLOSE,CORPORATE STOCK - COMMON,EQUITY,DIVERSIFIED FINANCIAL SERVICES,,COMMON,E,S,Federated Hermes Inc,,,,,,,,NR,,,,,,,,,,,0,INTEREST AT MAT OR NO INTEREST,,FHI,D,DAILY,,BANKS,,,,,Federated Hermes Inc,,USD EQUITY,EQUITIES,314211103,US3142111034,2246288,U.S. DOLLAR,Equity,USD
MILL TTF EQ-DIV,437076102,HOME DEPOT INC/THE,,0.00,,"23,995.00","1,856,064.25","9,132,736.95","7,276,672.70",1.00,NO,0.00,0.00,2/29/24,2/29/24,3/6/2024 12:34:41 AM,FINAL,380.61,380.61,T,IDSI,CLOSE,CORPORATE STOCK - COMMON,EQUITY,RETAIL,,COMMON,E,S,Home Depot Inc/The,,A,A-1,A,A-1,A,A-1,NR,,A2,P-1,A2,P-1,A2,P-1,P-3,,,0,INTEREST AT MAT OR NO INTEREST,,HD,D,DAILY,,RETAIL TRADE,,A,A,A,Home Depot Inc/The,,USD EQUITY,EQUITIES,437076102,US4370761029,2434209,U.S. DOLLAR,Equity,USD
MILL TTF EQ-DIV,166764100,CHEVRON CORP,,0.00,,"23,995.00","2,560,383.39","3,647,479.95","1,087,096.56",1.00,NO,0.00,0.00,2/29/24,2/29/24,3/6/2024 12:34:41 AM,FINAL,152.01,152.01,T,IDSI,CLOSE,CORPORATE STOCK - COMMON,EQUITY,OIL & GAS,,COMMON,E,S,Chevron Corp,,AA-,A-1+,AA-,A-1+,AA-,A-1+,NR,,Aa2,P-1,Aa2,P-1,Aa2,P-1,,,,0,INTEREST AT MAT OR NO INTEREST,,CVX,D,DAILY,,OIL & GAS,,WD,WD,WD,Chevron Corp,,USD EQUITY,EQUITIES,166764100,US1667641005,2838555,U.S. DOLLAR,Equity,USD
MILL TTF EQ-DIV,194162103,COLGATE-PALMOLIVE CO,,0.00,,"48,932.00","2,676,647.14","4,233,596.64","1,556,949.50",1.00,NO,0.00,0.00,2/29/24,2/29/24,3/6/2024 12:34:41 AM,FINAL,86.52,86.52,T,IDSI,CLOSE,CORPORATE STOCK - COMMON,EQUITY,COSMETICS/PERSONAL CARE,,COMMON,E,S,Colgate-Palmolive Co,,AA-,A-1+,AA-,A-1+,AA-,A-1+,NR,,Aa3,P-1,Aa3,P-1,Aa3,P-1,,,,0,INTEREST AT MAT OR NO INTEREST,,CL,D,DAILY,,COSMTEICS TOILETRIES & HOUSEHOLD PRODUCTS,,WD,WD,WD,Colgate-Palmolive Co,,USD EQUITY,EQUITIES,194162103,US1941621039,2209106,U.S. DOLLAR,Equity,USD
MILL TTF EQ-DIV,539830109,LOCKHEED MARTIN CORP,,0.00,,"23,995.00","2,903,168.50","10,275,618.80","7,372,450.30",1.00,NO,0.00,0.00,2/29/24,2/29/24,3/6/2024 12:34:41 AM,FINAL,428.24,428.24,T,IDSI,CLOSE,CORPORATE STOCK - COMMON,EQUITY,AEROSPACE/DEFENSE,,COMMON,E,S,Lockheed Martin Corp,,A-,A-2,A-,A-2,A-,A-2,NR,,A2,P-1,A2,P-1,A2,P-1,,,,0,INTEREST AT MAT OR NO INTEREST,,LMT,D,DAILY,,AERO & AIRCRAFT,,A-,A-,A-,Lockheed Martin Corp,,USD EQUITY,EQUITIES,539830109,US5398301094,2522096,U.S. DOLLAR,Equity,USD
MILL TTF EQ-DIV,025537101,AMERICAN ELECTRIC POWER CO INC,,0.00,,"23,995.00","1,154,896.36","2,044,134.05","889,237.69",1.00,NO,0.00,0.00,2/29/24,2/29/24,3/6/2024 12:34:41 AM,FINAL,85.19,85.19,T,IDSI,CLOSE,CORPORATE STOCK - COMMON,EQUITY,ELECTRIC,,COMMON,E,S,American Electric Power Co Inc,,A-,A-2,A-,A-2,A-,A-2,NR,,Baa2,P-2,Baa2,P-2,Baa2,P-2,P-3,,-,0,INTEREST AT MAT OR NO INTEREST,,AEP,D,DAILY,,UTILITIES,-,BBB,BBB,BBB,American Electric Power Co Inc,,USD EQUITY,EQUITIES,025537101,US0255371017,2026242,U.S. DOLLAR,Equity,USD
MILL TTF EQ-DIV,191216100,COCA-COLA CO/THE,,0.00,,"32,999.00","1,265,704.82","1,980,599.98","714,895.16",1.00,NO,0.00,0.00,2/29/24,2/29/24,3/6/2024 12:34:41 AM,FINAL,60.02,60.02,T,IDSI,CLOSE,CORPORATE STOCK - COMMON,EQUITY,BEVERAGES,,COMMON,E,S,Coca-Cola Co/The,,A+,A-1,A+,A-1,A+,A-1,NR,,A1,P-1,A1,P-1,A1,P-1,P-3,,,0,INTEREST AT MAT OR NO INTEREST,,KO,D,DAILY,,FOOD BEVERAGE & ALLIED PRODUCTS,,WD,WD,WD,Coca-Cola Co/The,,USD EQUITY,EQUITIES,191216100,US1912161007,2206657,U.S. DOLLAR,Equity,USD
MILL TTF EQ-DIV,532457108,ELI LILLY & CO,,0.00,,"23,995.00","1,318,542.85","18,084,551.60","16,766,008.75",1.00,NO,0.00,0.00,2/29/24,2/29/24,3/6/2024 12:34:41 AM,FINAL,753.68,753.68,T,IDSI,CLOSE,CORPORATE STOCK - COMMON,EQUITY,PHARMACEUTICALS,,COMMON,E,S,Eli Lilly & Co,,A+,A-1,A+,A-1,A+,A-1,NR,,A1,P-1,A1,P-1,A1,P-1,,,,0,INTEREST AT MAT OR NO INTEREST,,LLY,D,DAILY,,DRUGS HOSPITAL MEDICAL & DENTAL SUPPLY,,WD,WD,WD,Eli Lilly & Co,,USD EQUITY,EQUITIES,532457108,US5324571083,2516152,U.S. DOLLAR,Equity,USD
MILL TTF EQ-DIV,58933Y105,MERCK & CO INC,,0.00,,"23,995.00","1,022,896.06","3,050,964.25","2,028,068.19",1.00,NO,0.00,0.00,2/29/24,2/29/24,3/6/2024 12:34:41 AM,FINAL,127.15,127.15,T,IDSI,CLOSE,CORPORATE STOCK - COMMON,EQUITY,PHARMACEUTICALS,,COMMON,E,S,Merck & Co Inc,,A+,A-1,A+,A-1,A+,A-1,NR,,A1,P-1,A1,P-1,A1,P-1,,,-,0,INTEREST AT MAT OR NO INTEREST,,MRK,D,DAILY,,DRUGS HOSPITAL MEDICAL & DENTAL SUPPLY,-,WD,WD,WD,Merck & Co Inc,,USD EQUITY,EQUITIES,58933Y105,US58933Y1055,2778844,U.S. DOLLAR,Equity,USD
MILL TTF EQ-DIV,88579Y101,3M CO,,0.00,,"25,527.00","2,905,831.18","2,351,547.24","-554,283.94",1.00,NO,0.00,0.00,2/29/24,2/29/24,3/6/2024 12:34:41 AM,FINAL,92.12,92.12,T,IDSI,CLOSE,CORPORATE STOCK - COMMON,EQUITY,MISC MANUFACTURER,,COMMON,E,S,3M Co,,BBB+,A-2,BBB+,A-2,BBB+,A-2,NR,,A3,P-2,A3,P-2,A3,P-2,,,,0,INTEREST AT MAT OR NO INTEREST,,MMM,D,DAILY,,DIVERSIFIED MANUFACTURING,,A-,A-,A-,3M Co,,USD EQUITY,EQUITIES,88579Y101,US88579Y1010,2595708,U.S. DOLLAR,Equity,USD
MILL TTF EQ-DIV,89417E109,TRAVELERS COS INC/THE,,0.00,,"23,995.00","1,966,862.79","5,301,935.20","3,335,072.41",1.00,NO,0.00,0.00,2/29/24,2/29/24,3/6/2024 12:34:41 AM,FINAL,220.96,220.96,T,IDSI,CLOSE,CORPORATE STOCK - COMMON,EQUITY,INSURANCE,,COMMON,E,S,Travelers Cos Inc/The,,A,A-1,A,A-1,A,A-1,NR,,A2,P-1,A2,P-1,A2,P-1,,,,0,INTEREST AT MAT OR NO INTEREST,,TRV,D,DAILY,,INSURANCE,,A+,A+,A+,Travelers Cos Inc/The,,USD EQUITY,EQUITIES,89417E109,US89417E1091,2769503,U.S. DOLLAR,Equity,USD
MILL TTF EQ-DIV,110122108,BRISTOL-MYERS SQUIBB CO,,0.00,,"23,995.00","1,032,297.40","1,217,746.25","185,448.85",1.00,NO,0.00,0.00,2/29/24,2/29/24,3/6/2024 12:34:41 AM,FINAL,50.75,50.75,T,IDSI,CLOSE,CORPORATE STOCK - COMMON,EQUITY,PHARMACEUTICALS,,COMMON,E,S,Bristol-Myers Squibb Co,,A,A-1,A,A-1,A,A-1,NR,,A2,P-1,A2,P-1,A2,P-1,,,,0,INTEREST AT MAT OR NO INTEREST,,BMY,D,DAILY,,DRUGS HOSPITAL MEDICAL & DENTAL SUPPLY,,WD,WD,WD,Bristol-Myers Squibb Co,,USD EQUITY,EQUITIES,110122108,US1101221083,2126335,U.S. DOLLAR,Equity,USD
MILL TTF EQ-DIV,370334104,GENERAL MILLS INC,,0.00,,"23,995.00","1,138,450.55","1,539,999.10","401,548.55",1.00,NO,0.00,0.00,2/29/24,2/29/24,3/6/2024 12:34:41 AM,FINAL,64.18,64.18,T,IDSI,CLOSE,CORPORATE STOCK - COMMON,EQUITY,FOOD PROCESSING,,COMMON,E,S,General Mills Inc,,BBB,A-2,BBB,A-2,BBB,A-2,NR,,Baa2,P-2,Baa2,P-2,Baa2,P-2,P-3,,,0,INTEREST AT MAT OR NO INTEREST,,GIS,D,DAILY,,FOOD BEVERAGE & ALLIED PRODUCTS,,WD,WD,WD,General Mills Inc,,USD EQUITY,EQUITIES,370334104,US3703341046,2367026,U.S. DOLLAR,Equity,USD
MILL TTF EQ-DIV,233331107,DTE ENERGY CO,,0.00,,"23,995.00","1,355,187.96","2,599,858.25","1,244,670.29",1.00,NO,0.00,0.00,2/29/24,2/29/24,3/6/2024 12:34:41 AM,FINAL,108.35,108.35,T,IDSI,CLOSE,CORPORATE STOCK - COMMON,EQUITY,ELECTRIC,,COMMON,E,S,DTE Energy Co,,BBB+,A-2,BBB+,A-2,BBB+,A-2,NR,,Baa2,P-2,Baa2,P-2,Baa2,P-2,,,-,0,INTEREST AT MAT OR NO INTEREST,,DTE,D,DAILY,,UTILITIES,-,BBB,BBB,BBB,DTE Energy Co,,USD EQUITY,EQUITIES,233331107,US2333311072,2280220,U.S. DOLLAR,Equity,USD
MILL TTF EQ-DIV,580135101,MCDONALD'S CORP,,0.00,,"23,995.00","2,442,878.78","7,013,258.60","4,570,379.82",1.00,NO,0.00,0.00,2/29/24,2/29/24,3/6/2024 12:34:41 AM,FINAL,292.28,292.28,T,IDSI,CLOSE,CORPORATE STOCK - COMMON,EQUITY,RETAIL,,COMMON,E,S,McDonald's Corp,,BBB+,A-2,BBB+,A-2,BBB+,A-2,NR,,Baa1,P-2,Baa1,P-2,Baa1,P-2,,,,0,INTEREST AT MAT OR NO INTEREST,,MCD,D,DAILY,,RETAIL TRADE,,WD,WD,WD,McDonald's Corp,,USD EQUITY,EQUITIES,580135101,US5801351017,2550707,U.S. DOLLAR,Equity,USD
MILL TTF EQ-DIV,717081103,PFIZER INC,,0.00,,"23,995.00","605,661.52","637,307.20","31,645.68",1.00,NO,0.00,0.00,2/29/24,2/29/24,3/6/2024 12:34:41 AM,FINAL,26.56,26.56,T,IDSI,CLOSE,CORPORATE STOCK - COMMON,EQUITY,PHARMACEUTICALS,,COMMON,E,S,Pfizer Inc,,A,A-1,A,A-1,A,A-1,NR,,A2,P-1,A2,P-1,A2,P-1,P-3,,,0,INTEREST AT MAT OR NO INTEREST,,PFE,D,DAILY,,DRUGS HOSPITAL MEDICAL & DENTAL SUPPLY,,A,A,A,Pfizer Inc,,USD EQUITY,EQUITIES,717081103,US7170811035,2684703,U.S. DOLLAR,Equity,USD
MILL TTF EQ-DIV,30231G102,EXXON MOBIL CORP,,0.00,,"23,995.00","2,042,294.16","2,507,957.40","465,663.24",1.00,NO,0.00,0.00,2/29/24,2/29/24,3/6/2024 12:34:41 AM,FINAL,104.52,104.52,T,IDSI,CLOSE,CORPORATE STOCK - COMMON,EQUITY,OIL & GAS,,COMMON,E,S,Exxon Mobil Corp,,AA-,A-1+,AA-,A-1+,AA-,A-1+,NR,,Aa2,P-1,Aa2,P-1,Aa2,P-1,,,-,0,INTEREST AT MAT OR NO INTEREST,,XOM,D,DAILY,,OIL & GAS,-,WD,WD,WD,Exxon Mobil Corp,,USD EQUITY,EQUITIES,30231G102,US30231G1022,2326618,U.S. DOLLAR,Equity,USD
MILL TTF EQ-DIV,478160104,JOHNSON & JOHNSON,,0.00,,"23,995.00","1,977,490.40","3,872,313.10","1,894,822.70",1.00,NO,0.00,0.00,2/29/24,2/29/24,3/6/2024 12:34:41 AM,FINAL,161.38,161.38,T,IDSI,CLOSE,CORPORATE STOCK - COMMON,EQUITY,PHARMACEUTICALS,,COMMON,E,S,Johnson & Johnson,,AAA,A-1+,AAA,A-1+,AAA,A-1+,NR,,Aaa,P-1,Aaa,P-1,Aaa,P-1,P-3,,,0,INTEREST AT MAT OR NO INTEREST,,JNJ,D,DAILY,,DRUGS HOSPITAL MEDICAL & DENTAL SUPPLY,,WD,WD,WD,Johnson & Johnson,,USD EQUITY,EQUITIES,478160104,US4781601046,2475833,U.S. DOLLAR,Equity,USD
MILL TTF EQ-DIV,718546104,PHILLIPS 66,,0.00,,"23,995.00","1,550,600.29","3,419,527.45","1,868,927.16",1.00,NO,0.00,0.00,2/29/24,2/29/24,3/6/2024 12:34:41 AM,FINAL,142.51,142.51,T,IDSI,CLOSE,CORPORATE STOCK - COMMON,EQUITY,OIL & GAS,,COMMON,E,S,Phillips 66,,BBB+,A-2,BBB+,A-2,BBB+,A-2,NR,,A3,P-2,A3,P-2,A3,P-2,,,,0,INTEREST AT MAT OR NO INTEREST,,PSX,D,DAILY,,OIL & GAS,,,,,Phillips 66,,USD EQUITY,EQUITIES,718546104,US7185461040,B78C4Y8,U.S. DOLLAR,Equity,USD
MILL TTF EQ-DIV,98389B100,XCEL ENERGY INC,,0.00,,"23,995.00","724,274.82","1,264,296.55","540,021.73",1.00,NO,0.00,0.00,2/29/24,2/29/24,3/6/2024 12:34:41 AM,FINAL,52.69,52.69,T,IDSI,CLOSE,CORPORATE STOCK - COMMON,EQUITY,ELECTRIC,,COMMON,E,S,Xcel Energy Inc,,A-,A-2,A-,A-2,A-,A-2,NR,,Baa1,P-2,Baa1,P-2,Baa1,P-2,,,,0,INTEREST AT MAT OR NO INTEREST,,XEL,D,DAILY,,UTILITIES,,BBB+,BBB+,BBB+,Xcel Energy Inc,,USD EQUITY,EQUITIES,98389B100,US98389B1008,2614807,U.S. DOLLAR,Equity,USD
MILLENNIUM TTF MF,922908850,VANGUARD VALUE INDEX-INST,,0.00,,"84,090.15","5,000,000.00","5,114,362.62","114,362.62",1.00,NO,0.00,0.00,2/29/24,2/29/24,3/6/2024 12:34:41 AM,FINAL,60.82,60.82,T,IDSI,BID,REGISTERED INVESTMENT COMPANIES,EQUITY,US EQUITY INDEX FUNDS (US REGULATED),,COMMON,E,S,Vanguard Group Inc/The,,,,,,,,,,,,,,,,,,,0,INTEREST AT MAT OR NO INTEREST,,VIVIX,D,DAILY,,EQUITY FUND,,,,,Vanguard Index Funds,,USD EQUITY,EQUITIES,922908850,US9229088508,B0C9XK5,U.S. DOLLAR,Equity,USD
MILLENNIUM TTF FI,3130AMK92,FEDERAL HOME LN BK CONS BD,0.550% 11/26/2024 DD 05/26/21,0.01,11/26/24,"3,000,000.00","3,000,000.00","2,900,040.00","-99,960.00",2.00,NO,"4,354.17","4,354.17",2/29/24,2/29/24,3/6/2024 12:34:41 AM,FINAL,96.67,96.67,T,IDSI,CLOSE,U. S. GOVERNMENT SECURITIES,FIXED INCOME SECURITIES,US AGENCIES,BOND,CORP-GOVT,B,B,United States of America,AA+,,,AA+,A-1+,AA+,A-1+,AA+,Aaa,Aaa,P-1,Aaa,,Aaa,,AAA,AA+,AA1,1,SEMI-ANNUAL,FIXED RATE,FHLB,D,DAILY,,FEDERAL AGENCIES,AA+,,AA+,AA+,United States of America,F,USD FIXED INCOME,FIXED INCOME,3130AMK92,US3130AMK928,BJP8F62,U.S. DOLLAR,Govt,USD
MILLENNIUM TTF FI,3133EMH47,FEDERAL FARM CR BK CONS BD,0.600% 06/16/2025 DD 06/16/21,0.01,6/16/25,"5,000,000.00","5,000,000.00","4,730,550.00","-269,450.00",2.00,NO,"6,250.00","6,250.00",2/29/24,2/29/24,3/6/2024 12:34:41 AM,FINAL,94.61,94.61,T,IDSI,CLOSE,U. S. GOVERNMENT SECURITIES,FIXED INCOME SECURITIES,US AGENCIES,MBS - MORTGAGE BACKED,CORP-GOVT,B,G,United States of America,AA+,,,AA+,A-1+,AA+,A-1+,AA+,Aaa,Aaa,P-1,Aaa,,Aaa,,A1,AA+,AA1,1,SEMI-ANNUAL,FIXED RATE,FFCB,D,DAILY,,FEDERAL AGENCIES,AA+,,AA+,AA+,United States of America,F,USD FIXED INCOME,FIXED INCOME,3133EMH47,US3133EMH474,BMY1KN5,U.S. DOLLAR,Govt,USD
MILLENNIUM TTF FI,3133EMHF2,FEDERAL FARM CR BK CONS BD,0.600% 11/24/2025 DD 11/24/20,0.01,11/24/25,"10,000,000.00","9,989,000.00","9,309,800.00","-679,200.00",2.00,NO,"16,166.67","16,166.67",2/29/24,2/29/24,3/6/2024 12:34:41 AM,FINAL,93.10,93.10,T,IDSI,CLOSE,U. S. GOVERNMENT SECURITIES,FIXED INCOME SECURITIES,US AGENCIES,BOND,CORP-GOVT,B,B,United States of America,AA+,,,AA+,A-1+,AA+,A-1+,AA+,Aaa,Aaa,P-1,Aaa,,Aaa,,AAA,AA+,AA1,1,SEMI-ANNUAL,FIXED RATE,FFCB,D,DAILY,,FEDERAL AGENCIES,AA+,,AA+,AA+,United States of America,F,USD FIXED INCOME,FIXED INCOME,3133EMHF2,US3133EMHF24,BMWB6C8,U.S. DOLLAR,Govt,USD
MILLENNIUM TTF FI,437076CS9,HOME DEPOT INC/THE,4.500% 09/15/2032 DD 09/19/22,0.05,9/15/32,"1,500,000.00","1,498,215.00","1,467,180.00","-31,035.00",2.00,NO,"31,125.00","31,125.00",2/29/24,2/29/24,3/6/2024 12:34:41 AM,FINAL,97.81,97.81,T,IDSI,CLOSE,CORPORATE DEBT INSTRUMENTS,FIXED INCOME SECURITIES,RETAIL,BOND,CORP-GOVT,B,B,Home Depot Inc/The,A,A,A-1,A,A-1,A,A-1,A,A2,A2,P-1,A2,P-1,A2,P-1,A2,A2,A2,1,SEMI-ANNUAL,FIXED RATE,HD,D,DAILY,,INDUSTRIAL,A,A,A,A,Home Depot Inc/The,F,USD FIXED INCOME,FIXED INCOME,437076CS9,US437076CS90,BN72M03,U.S. DOLLAR,Corp,USD
MILLENNIUM TTF FI,532457CF3,ELI LILLY & CO,4.700% 02/27/2033 DD 02/27/23,0.05,2/27/33,"2,000,000.00","1,995,740.00","1,981,980.00","-13,760.00",2.00,NO,"1,044.44","1,044.44",2/29/24,2/29/24,3/6/2024 12:34:41 AM,FINAL,99.10,99.10,T,IDSI,CLOSE,CORPORATE DEBT INSTRUMENTS,FIXED INCOME SECURITIES,HEALTH CARE,BOND,CORP-GOVT,B,B,Eli Lilly & Co,A+,A+,A-1,A+,A-1,A+,A-1,A+,A1,A1,P-1,A1,P-1,A1,P-1,,A1,A1,1,SEMI-ANNUAL,FIXED RATE,LLY,D,DAILY,,INDUSTRIAL,-,WD,WD,WD,Eli Lilly & Co,F,USD FIXED INCOME,FIXED INCOME,532457CF3,US532457CF35,BQQ8MM5,U.S. DOLLAR,Corp,USD
MILLENNIUM TTF FI,548661EL7,LOWE'S COS INC,5.000% 04/15/2033 DD 09/08/22,0.05,4/15/33,"1,500,000.00","1,496,220.00","1,479,360.00","-16,860.00",2.00,NO,"28,333.33","28,333.33",2/29/24,2/29/24,3/6/2024 12:34:41 AM,FINAL,98.62,98.62,T,IDSI,CLOSE,CORPORATE DEBT INSTRUMENTS,FIXED INCOME SECURITIES,RETAIL,BOND,CORP-GOVT,B,B,Lowe's Cos Inc,BBB+,BBB+,A-2,BBB+,A-2,BBB+,A-2,BBB+,Baa1,Baa1,P-2,Baa1,P-2,Baa1,P-2,BAA1,Baa1,BAA1,2,SEMI-ANNUAL LONG,FIXED RATE,LOW,D,DAILY,,INDUSTRIAL,-,WD,WD,WD,Lowe's Cos Inc,F,USD FIXED INCOME,FIXED INCOME,548661EL7,US548661EL74,BMDQFV4,U.S. DOLLAR,Corp,USD
MILLENNIUM TTF FI,68389XAU9,ORACLE CORP,3.400% 07/08/2024 DD 07/08/14,0.03,7/8/24,"10,000,000.00","9,989,700.00","9,918,200.00","-71,500.00",2.00,NO,"50,055.56","50,055.56",2/29/24,2/29/24,3/6/2024 12:34:41 AM,FINAL,99.18,99.18,T,IDSI,CLOSE,CORPORATE DEBT INSTRUMENTS,FIXED INCOME SECURITIES,TECHNOLOGY,BOND,CORP-GOVT,B,B,Oracle Corp,BBB,BBB,A-2,BBB,A-2,BBB,A-2,BBB,Baa2,Baa2,P-2,Baa2,P-2,Baa2,P-2,A1,Baa2,BAA2,1,SEMI-ANNUAL,FIXED RATE,ORCL,D,DAILY,,INDUSTRIAL,BBB,BBB,BBB,BBB,Oracle Corp,F,USD FIXED INCOME,FIXED INCOME,68389XAU9,US68389XAU90,BP4W545,U.S. DOLLAR,Corp,USD
MILLENNIUM TTF FI,808513BS3,CHARLES SCHWAB CORP/THE,2.300% 05/13/2031 DD 05/13/21,0.02,5/13/31,"5,000,000.00","4,990,250.00","4,139,800.00","-850,450.00",2.00,NO,"34,500.00","34,500.00",2/29/24,2/29/24,3/6/2024 12:34:41 AM,FINAL,82.80,82.80,T,IDSI,CLOSE,CORPORATE DEBT INSTRUMENTS,FIXED INCOME SECURITIES,BANKING & FINANCE,BOND,CORP-GOVT,B,B,Charles Schwab Corp/The,A-,A-,A-2,A-,A-2,A-,A-2,A-,A2,A2,P-1,A2,P-1,A2,P-1,A2,A-,A2,1,SEMI-ANNUAL,FIXED RATE,SCHW,D,DAILY,,FINANCIAL,A,A,A,A,Charles Schwab Corp/The,F,USD FIXED INCOME,FIXED INCOME,808513BS3,US808513BS37,BM9QP30,U.S. DOLLAR,Corp,USD
MILLENNIUM TTF FI,88579YBG5,3M CO,3.375% 03/01/2029 DD 02/22/19,0.03,3/1/29,"5,000,000.00","4,998,250.00","4,613,700.00","-384,550.00",2.00,NO,"84,375.00","84,375.00",2/29/24,2/29/24,3/6/2024 12:34:41 AM,FINAL,92.27,92.27,T,IDSI,CLOSE,CORPORATE DEBT INSTRUMENTS,FIXED INCOME SECURITIES,CAPITAL GOODS,BOND,CORP-GOVT,B,B,3M Co,BBB+,BBB+,A-2,BBB+,A-2,BBB+,A-2,BBB+,A3,A3,P-2,A3,P-2,A3,P-2,A3,BBB+,A3,2,SEMI-ANNUAL LONG,FIXED RATE,MMM,D,DAILY,,INDUSTRIAL,A-,A-,A-,A-,3M Co,F,USD FIXED INCOME,FIXED INCOME,88579YBG5,US88579YBG52,BJKZHG2,U.S. DOLLAR,Corp,USD
MILLENNIUM TTF FI,907818GB8,UNION PACIFIC CORP,4.500% 01/20/2033 DD 09/09/22,0.05,1/20/33,"5,000,000.00","4,983,050.00","4,846,650.00","-136,400.00",2.00,NO,"25,625.00","25,625.00",2/29/24,2/29/24,3/6/2024 12:34:41 AM,FINAL,96.93,96.93,T,IDSI,CLOSE,CORPORATE DEBT INSTRUMENTS,FIXED INCOME SECURITIES,TRANSPORTATION,BOND,CORP-GOVT,B,B,Union Pacific Corp,A-,A-,A-2,A-,A-2,A-,A-2,A-,A3,A3,P-2,A3,P-2,A3,P-2,A1,A3,A3,1,SEMI-ANNUAL,FIXED RATE,UNP,D,DAILY,,TRANSPORTATION RAIL,A-,A-,A-,A-,Union Pacific Corp,F,USD FIXED INCOME,FIXED INCOME,907818GB8,US907818GB82,BMDQG11,U.S. DOLLAR,Corp,USD
MILLENNIUM TTF FI,24422EWL9,JOHN DEERE CAPITAL CORP,4.350% 09/15/2032 DD 09/08/22,0.04,9/15/32,"1,000,000.00","997,260.00","968,230.00","-29,030.00",2.00,NO,"20,058.33","20,058.33",2/29/24,2/29/24,3/6/2024 12:34:41 AM,FINAL,96.82,96.82,T,IDSI,CLOSE,CORPORATE DEBT INSTRUMENTS,FIXED INCOME SECURITIES,BANKING & FINANCE,BOND,CORP-GOVT,B,B,Deere & Co,A,A,A-1,A,A-1,,,A,A1,A1,P-1,A1,P-1,,,A1,A,A1,2,SEMI-ANNUAL LONG,FIXED RATE,DE,D,DAILY,,FINANCIAL,A+,A+,A+,,John Deere Financial Services Inc,F,USD FIXED INCOME,FIXED INCOME,24422EWL9,US24422EWL90,BMTPQB2,U.S. DOLLAR,Corp,USD
MILLENNIUM TTF FI,260543DJ9,DOW CHEMICAL CO/THE,5.150% 02/15/2034 DD 02/09/24,0.05,2/15/34,"3,500,000.00","3,499,405.00","3,444,805.00","-54,600.00",2.00,NO,"11,015.28","11,015.28",2/29/24,2/29/24,3/6/2024 12:34:41 AM,FINAL,98.42,98.42,T,IDSI,CLOSE,CORPORATE DEBT INSTRUMENTS,FIXED INCOME SECURITIES,CHEMICALS,BOND,CORP-GOVT,B,B,Dow Inc,BBB,BBB,A-2,,,,,BBB,Baa1,Baa1,P-2,,,,,,BBB,BAA1,2,SEMI-ANNUAL LONG,FIXED RATE,DOW,D,DAILY,,INDUSTRIAL,BBB+,BBB+,BBB+,BBB+,Dow Inc,F,USD FIXED INCOME,FIXED INCOME,260543DJ9,US260543DJ91,BRRGLM8,U.S. DOLLAR,Corp,USD
MILLENNIUM TTF FI,3130ACUP7,FEDERAL HOME LN BK CONS BD,3.200% 11/29/2032 DD 11/29/17,0.03,11/29/32,"5,000,000.00","5,000,000.00","4,387,150.00","-612,850.00",2.00,NO,"40,888.89","40,888.89",2/29/24,2/29/24,3/6/2024 12:34:41 AM,FINAL,87.74,87.74,T,IDSI,CLOSE,U. S. GOVERNMENT SECURITIES,FIXED INCOME SECURITIES,US AGENCIES,BOND,CORP-GOVT,B,B,United States of America,AA+,,,AA+,A-1+,AA+,A-1+,AA+,Aaa,Aaa,P-1,Aaa,,Aaa,,AAA,AA+,AA1,1,SEMI-ANNUAL,FIXED RATE,FHLB,D,DAILY,,FEDERAL AGENCIES,AA+,,AA+,AA+,United States of America,F,USD FIXED INCOME,FIXED INCOME,3130ACUP7,US3130ACUP73,BJXHN23,U.S. DOLLAR,Govt,USD
MILLENNIUM TTF FI,3133EMBH4,FEDERAL FARM CR BK CONS BD,0.530% 09/29/2025 DD 09/29/20,0.01,9/29/25,"20,000,000.00","19,980,000.00","18,715,400.00","-1,264,600.00",2.00,NO,"44,755.56","44,755.56",2/29/24,2/29/24,3/6/2024 12:34:41 AM,FINAL,93.58,93.58,T,IDSI,CLOSE,U. S. GOVERNMENT SECURITIES,FIXED INCOME SECURITIES,US AGENCIES,BOND,CORP-GOVT,B,B,United States of America,AA+,,,AA+,A-1+,AA+,A-1+,AA+,Aaa,Aaa,P-1,Aaa,,Aaa,,AAA,AA+,AA1,1,SEMI-ANNUAL,FIXED RATE,FFCB,D,DAILY,,FEDERAL AGENCIES,AA+,,AA+,AA+,United States of America,F,USD FIXED INCOME,FIXED INCOME,3133EMBH4,US3133EMBH44,BNDP4K0,U.S. DOLLAR,Govt,USD
MILLENNIUM TTF FI,3133ELCK8,FEDERAL FARM CR BK CONS BD,2.580% 12/04/2034 DD 12/04/19,0.03,12/4/34,"10,000,000.00","10,000,000.00","8,067,700.00","-1,932,300.00",2.00,NO,"62,350.00","62,350.00",2/29/24,2/29/24,3/6/2024 12:34:41 AM,FINAL,80.68,80.68,T,IDSI,CLOSE,U. S. GOVERNMENT SECURITIES,FIXED INCOME SECURITIES,US AGENCIES,BOND,CORP-GOVT,B,B,United States of America,AA+,,,AA+,A-1+,AA+,A-1+,AA+,Aaa,Aaa,P-1,Aaa,,Aaa,,AAA,AA+,AA1,1,SEMI-ANNUAL,FIXED RATE,FFCB,D,DAILY,,FEDERAL AGENCIES,AA+,,AA+,AA+,United States of America,F,USD FIXED INCOME,FIXED INCOME,3133ELCK8,US3133ELCK80,BK24QH8,U.S. DOLLAR,Govt,USD
MILLENNIUM TTF FI,3133EMLR1,FEDERAL FARM CR BK CONS BD,0.500% 12/23/2025 DD 12/23/20,0.01,12/23/25,"9,000,000.00","8,997,300.00","8,336,070.00","-661,230.00",2.00,NO,"8,500.00","8,500.00",2/29/24,2/29/24,3/6/2024 12:34:41 AM,FINAL,92.62,92.62,T,IDSI,CLOSE,U. S. GOVERNMENT SECURITIES,FIXED INCOME SECURITIES,US AGENCIES,BOND,CORP-GOVT,B,B,United States of America,AA+,,,AA+,A-1+,AA+,A-1+,AA+,Aaa,Aaa,P-1,Aaa,,Aaa,,AAA,AA+,AA1,1,SEMI-ANNUAL,FIXED RATE,FFCB,D,DAILY,,FEDERAL AGENCIES,AA+,,AA+,AA+,United States of America,F,USD FIXED INCOME,FIXED INCOME,3133EMLR1,US3133EMLR16,BMY07M0,U.S. DOLLAR,Govt,USD
MILLENNIUM TTF FI,3133EMUK6,FEDERAL FARM CR BK CONS BD,1.050% 03/25/2026 DD 03/25/21,0.01,3/25/26,"15,000,000.00","15,000,000.00","13,909,950.00","-1,090,050.00",2.00,NO,"68,250.00","68,250.00",2/29/24,2/29/24,3/6/2024 12:34:41 AM,FINAL,92.73,92.73,T,IDSI,CLOSE,U. S. GOVERNMENT SECURITIES,FIXED INCOME SECURITIES,US AGENCIES,MBS - MORTGAGE BACKED,CORP-GOVT,B,G,United States of America,AA+,,,AA+,A-1+,AA+,A-1+,AA+,Aaa,Aaa,P-1,Aaa,,Aaa,,AAA,AA+,AA1,1,SEMI-ANNUAL,FIXED RATE,FFCB,D,DAILY,,FEDERAL AGENCIES,AA+,,AA+,AA+,United States of America,F,USD FIXED INCOME,FIXED INCOME,3133EMUK6,US3133EMUK61,BMXC352,U.S. DOLLAR,Govt,USD
MILLENNIUM TTF FI,3133EMWH1,FEDERAL FARM CR BK CONS BD,0.710% 04/21/2025 DD 04/21/21,0.01,4/21/25,"20,000,000.00","19,990,000.00","19,108,000.00","-882,000.00",2.00,NO,"51,277.78","51,277.78",2/29/24,2/29/24,3/6/2024 12:34:41 AM,FINAL,95.54,95.54,T,IDSI,CLOSE,U. S. GOVERNMENT SECURITIES,FIXED INCOME SECURITIES,US AGENCIES,MBS - MORTGAGE BACKED,CORP-GOVT,B,G,United States of America,AA+,,,AA+,A-1+,AA+,A-1+,AA+,Aaa,Aaa,P-1,Aaa,,Aaa,,AAA,AA+,AA1,1,SEMI-ANNUAL,FIXED RATE,FFCB,D,DAILY,,FEDERAL AGENCIES,AA+,,AA+,AA+,United States of America,F,USD FIXED INCOME,FIXED INCOME,3133EMWH1,US3133EMWH15,BNBW823,U.S. DOLLAR,Govt,USD
MILLENNIUM TTF FI,3133ENHB9,FEDERAL FARM CR BK CONS BD,1.840% 12/14/2028 DD 12/14/21,0.02,12/14/28,"10,000,000.00","10,000,000.00","8,859,100.00","-1,140,900.00",2.00,NO,"39,355.56","39,355.56",2/29/24,2/29/24,3/6/2024 12:34:41 AM,FINAL,88.59,88.59,T,IDSI,CLOSE,U. S. GOVERNMENT SECURITIES,FIXED INCOME SECURITIES,US AGENCIES,MBS - MORTGAGE BACKED,CORP-GOVT,B,G,United States of America,AA+,,,AA+,A-1+,AA+,A-1+,AA+,Aaa,Aaa,P-1,Aaa,,Aaa,,AAA,AA+,AA1,1,SEMI-ANNUAL,FIXED RATE,FFCB,D,DAILY,,FEDERAL AGENCIES,AA+,,AA+,AA+,United States of America,F,USD FIXED INCOME,FIXED INCOME,3133ENHB9,US3133ENHB92,BL6HVF3,U.S. DOLLAR,Govt,USD
MILLENNIUM TTF FI,3133ENZD5,FEDERAL FARM CR BK CONS BD,4.470% 06/22/2028 DD 06/22/22,0.04,6/22/28,"10,000,000.00","10,000,000.00","9,856,600.00","-143,400.00",2.00,NO,"85,675.00","85,675.00",2/29/24,2/29/24,3/6/2024 12:34:41 AM,FINAL,98.57,98.57,T,IDSI,CLOSE,U. S. GOVERNMENT SECURITIES,FIXED INCOME SECURITIES,US AGENCIES,MBS - MORTGAGE BACKED,CORP-GOVT,B,G,United States of America,AA+,,,AA+,A-1+,AA+,A-1+,AA+,Aaa,Aaa,P-1,Aaa,,Aaa,,AAA,AA+,AA1,1,SEMI-ANNUAL,FIXED RATE,FFCB,D,DAILY,,FEDERAL AGENCIES,AA+,,AA+,AA+,United States of America,F,USD FIXED INCOME,FIXED INCOME,3133ENZD5,US3133ENZD56,BLCVS03,U.S. DOLLAR,Govt,USD
MILLENNIUM TTF FI,3133EPVS1,FEDERAL FARM CR BK CONS BD,5.290% 09/15/2027 DD 09/15/23,0.05,9/15/27,"10,000,000.00","10,000,000.00","9,984,700.00","-15,300.00",2.00,NO,"243,927.78","243,927.78",2/29/24,2/29/24,3/6/2024 12:34:41 AM,FINAL,99.85,99.85,T,IDSI,CLOSE,U. S. GOVERNMENT SECURITIES,FIXED INCOME SECURITIES,US AGENCIES,MBS - MORTGAGE BACKED,CORP-GOVT,B,G,United States of America,AA+,,,AA+,A-1+,AA+,A-1+,AA+,Aaa,Aaa,P-1,Aaa,,Aaa,,AAA,AA+,AA1,1,SEMI-ANNUAL,FIXED RATE,FFCB,D,DAILY,,FEDERAL AGENCIES,AA+,,AA+,AA+,United States of America,F,USD FIXED INCOME,FIXED INCOME,3133EPVS1,US3133EPVS10,BSB8QF5,U.S. DOLLAR,Govt,USD
MILLENNIUM TTF FI,3134H1KV4,FEDERAL HOME LN MTG CORP,5.750% 12/07/2026 DD 12/07/23,0.06,12/7/26,"10,000,000.00","10,000,000.00","10,008,600.00","8,600.00",2.00,NO,"134,166.67","134,166.67",2/29/24,2/29/24,3/6/2024 12:34:41 AM,FINAL,100.09,100.09,T,IDSI,CLOSE,U. S. GOVERNMENT SECURITIES,FIXED INCOME SECURITIES,US AGENCIES,BOND,CORP-GOVT,B,B,United States of America,AA+,NR,,AA+,A-1+,,,AA+,Aaa,Aaa,P-1,Aaa,,,,NR,AA+,AA1,1,SEMI-ANNUAL,FIXED RATE,FHLMC,D,DAILY,,FEDERAL AGENCIES,AA+,AA+,AA+,,United States Department of the Treasury,F,USD FIXED INCOME,FIXED INCOME,3134H1KV4,US3134H1KV46,,U.S. DOLLAR,Govt,USD
MILLENNIUM TTF FI,713448EQ7,PEPSICO INC,2.250% 03/19/2025 DD 03/19/20,0.02,3/19/25,"3,500,000.00","3,497,515.00","3,397,485.00","-100,030.00",2.00,NO,"35,437.50","35,437.50",2/29/24,2/29/24,3/6/2024 12:34:41 AM,FINAL,97.07,97.07,T,IDSI,CLOSE,CORPORATE DEBT INSTRUMENTS,FIXED INCOME SECURITIES,FOOD BEVERAGE & TOBACCO,BOND,CORP-GOVT,B,B,PepsiCo Inc,A+,A+,A-1,A+,A-1,A+,A-1,A+,A1,A1,P-1,A1,P-1,A1,P-1,BAA1,A1,A1,1,SEMI-ANNUAL,FIXED RATE,PEP,D,DAILY,,INDUSTRIAL,-,WD,WD,WD,PepsiCo Inc,F,USD FIXED INCOME,FIXED INCOME,713448EQ7,US713448EQ79,BLRBCF1,U.S. DOLLAR,Corp,USD
MILLENNIUM TTF FI,716973AE2,PFIZER INVESTMENT ENTERPRISES,4.750% 05/19/2033 DD 05/19/23,0.05,5/19/33,"5,000,000.00","4,992,500.00","4,868,500.00","-124,000.00",2.00,NO,"66,631.94","66,631.94",2/29/24,2/29/24,3/6/2024 12:34:41 AM,FINAL,97.37,97.37,T,IDSI,CLOSE,CORPORATE DEBT INSTRUMENTS,FIXED INCOME SECURITIES,HEALTH CARE,BOND,CORP-GOVT,B,B,Pfizer Inc,A,,,A,A-1,A,A-1,A,A2,A2,,A2,P-1,A2,P-1,AAA,A2,A2,1,SEMI-ANNUAL,FIXED RATE,PFE,D,DAILY,,INDUSTRIAL,A,,A,A,Pfizer Inc,F,NON-USD FIXED INCOME,FIXED INCOME,716973AE2,US716973AE24,BNRR0X7,U.S. DOLLAR,Corp,USD
MILLENNIUM TTF FI,717081EA7,PFIZER INC,3.000% 12/15/2026 DD 11/21/16,0.03,12/15/26,"5,000,000.00","4,957,400.00","4,767,400.00","-190,000.00",2.00,NO,"31,666.67","31,666.67",2/29/24,2/29/24,3/6/2024 12:34:41 AM,FINAL,95.35,95.35,T,IDSI,CLOSE,CORPORATE DEBT INSTRUMENTS,FIXED INCOME SECURITIES,HEALTH CARE,BOND,CORP-GOVT,B,B,Pfizer Inc,A,A,A-1,A,A-1,A,A-1,A,A2,A2,P-1,A2,P-1,A2,P-1,AAA,A2,A2,2,SEMI-ANNUAL LONG,FIXED RATE,PFE,D,DAILY,,INDUSTRIAL,A,A,A,A,Pfizer Inc,F,USD FIXED INCOME,FIXED INCOME,717081EA7,US717081EA70,BZ3FFG7,U.S. DOLLAR,Corp,USD
MILLENNIUM TTF FI,854502AQ4,STANLEY BLACK & DECKER INC,3.000% 05/15/2032 DD 02/24/22,0.03,5/15/32,"2,500,000.00","2,495,250.00","2,111,325.00","-383,925.00",2.00,NO,"22,083.33","22,083.33",2/29/24,2/29/24,3/6/2024 12:34:41 AM,FINAL,84.45,84.45,T,IDSI,CLOSE,CORPORATE DEBT INSTRUMENTS,FIXED INCOME SECURITIES,INDUSTRIAL,BOND,CORP-GOVT,B,B,Stanley Black & Decker Inc,A-,A-,A-2,A-,A-2,A-,A-2,A-,Baa3,Baa3,P-3,Baa3,P-3,Baa3,P-3,CAA1,Baa3,BAA1,1,SEMI-ANNUAL,FIXED RATE,SWK,D,DAILY,,INDUSTRIAL,BBB+,BBB+,BBB+,BBB+,Stanley Black & Decker Inc,F,USD FIXED INCOME,FIXED INCOME,854502AQ4,US854502AQ45,BPLD6V5,U.S. DOLLAR,Corp,USD
MILLENNIUM TTF FI,882508BG8,TEXAS INSTRUMENTS INC,2.250% 09/04/2029 DD 09/04/19,0.02,9/4/29,"3,500,000.00","3,489,115.00","3,087,770.00","-401,345.00",2.00,NO,"38,718.75","38,718.75",2/29/24,2/29/24,3/6/2024 12:34:41 AM,FINAL,88.22,88.22,T,IDSI,CLOSE,CORPORATE DEBT INSTRUMENTS,FIXED INCOME SECURITIES,TECHNOLOGY,BOND,CORP-GOVT,B,B,Texas Instruments Inc,A+,A+,A-1,A+,A-1,A+,A-1,A+,Aa3,Aa3,P-1,Aa3,P-1,Aa3,P-1,,A+,A1,1,SEMI-ANNUAL,FIXED RATE,TXN,D,DAILY,,INDUSTRIAL,-,WD,WD,WD,Texas Instruments Inc,F,USD FIXED INCOME,FIXED INCOME,882508BG8,US882508BG82,BK4XWY2,U.S. DOLLAR,Corp,USD
MILLENNIUM TTF FI,110122DU9,BRISTOL-MYERS SQUIBB CO,2.950% 03/15/2032 DD 03/02/22,0.03,3/15/32,"3,500,000.00","3,487,295.00","3,023,335.00","-463,960.00",2.00,NO,"47,609.72","47,609.72",2/29/24,2/29/24,3/6/2024 12:34:41 AM,FINAL,86.38,86.38,T,IDSI,CLOSE,CORPORATE DEBT INSTRUMENTS,FIXED INCOME SECURITIES,HEALTH CARE,BOND,CORP-GOVT,B,B,Bristol-Myers Squibb Co,A,A,A-1,A,A-1,A,A-1,A,A2,A2,P-1,A2,P-1,A2,P-1,,A2,A2,2,SEMI-ANNUAL LONG,FIXED RATE,BMY,D,DAILY,,INDUSTRIAL,-,WD,WD,WD,Bristol-Myers Squibb Co,F,USD FIXED INCOME,FIXED INCOME,110122DU9,US110122DU92,BN6V8Q9,U.S. DOLLAR,Corp,USD
MILLENNIUM TTF FI,3128PSSZ1,FHLMC   POOL #J1-3236,3.500% 10/01/2025 DD 10/01/10,0.04,10/1/25,"87,955.60","90,814.16","86,629.23","-4,184.93",2.00,NO,256.54,256.54,2/29/24,2/29/24,3/6/2024 12:34:41 AM,FINAL,98.49,98.49,IC,ICE-CMO,CLOSE,U. S. GOVERNMENT SECURITIES,FIXED INCOME SECURITIES,FHLMC POOLS,MBS - MORTGAGE BACKED,FHLMC,B,G,United States of America,AA+,,,AA+,A-1+,NR,,,Aaa,,,Aaa,,Aaa,P-1,,AA+,AA1,5,MONTHLY,FIXED RATE,FG,D,DAILY,,FEDERAL AGENCIES,AA+,,AA+,AA+,Federal Home Loan Mortgage Corp,F,USD FIXED INCOME,FIXED INCOME,3128PSSZ1,US3128PSSZ17,,U.S. DOLLAR,Mtge,USD
MILLENNIUM TTF FI,3133EMSW3,FEDERAL FARM CR BK CONS BD,1.400% 03/10/2028 DD 03/10/21,0.01,3/10/28,"17,500,000.00","17,500,000.00","15,448,825.00","-2,051,175.00",2.00,NO,"116,375.00","116,375.00",2/29/24,2/29/24,3/6/2024 12:34:41 AM,FINAL,88.28,88.28,T,IDSI,CLOSE,U. S. GOVERNMENT SECURITIES,FIXED INCOME SECURITIES,US AGENCIES,MBS - MORTGAGE BACKED,CORP-GOVT,B,G,United States of America,AA+,,,AA+,A-1+,AA+,A-1+,AA+,Aaa,Aaa,P-1,Aaa,,Aaa,,AAA,AA+,AA1,1,SEMI-ANNUAL,FIXED RATE,FFCB,D,DAILY,,FEDERAL AGENCIES,AA+,,AA+,AA+,United States of America,F,USD FIXED INCOME,FIXED INCOME,3133EMSW3,US3133EMSW38,BMY0F04,U.S. DOLLAR,Govt,USD
MILLENNIUM TTF FI,3133EMTQ5,FEDERAL FARM CR BK CONS BD,0.700% 03/17/2025 DD 03/17/21,0.01,3/17/25,"20,000,000.00","19,973,500.00","19,117,600.00","-855,900.00",2.00,NO,"63,777.78","63,777.78",2/29/24,2/29/24,3/6/2024 12:34:41 AM,FINAL,95.59,95.59,T,IDSI,CLOSE,U. S. GOVERNMENT SECURITIES,FIXED INCOME SECURITIES,US AGENCIES,MBS - MORTGAGE BACKED,CORP-GOVT,B,G,United States of America,AA+,,,AA+,A-1+,AA+,A-1+,AA+,Aaa,Aaa,P-1,Aaa,,Aaa,,AAA,AA+,AA1,1,SEMI-ANNUAL,FIXED RATE,FFCB,D,DAILY,,FEDERAL AGENCIES,AA+,,AA+,AA+,United States of America,F,USD FIXED INCOME,FIXED INCOME,3133EMTQ5,US3133EMTQ50,BNNHSG0,U.S. DOLLAR,Govt,USD
MILLENNIUM TTF FI,3133ENGD6,FEDERAL FARM CR BK CONS BD,1.780% 12/06/2028 DD 12/06/21,0.02,12/6/28,"6,450,000.00","6,448,387.50","5,680,450.50","-767,937.00",2.00,NO,"27,107.92","27,107.92",2/29/24,2/29/24,3/6/2024 12:34:41 AM,FINAL,88.07,88.07,T,IDSI,CLOSE,U. S. GOVERNMENT SECURITIES,FIXED INCOME SECURITIES,US AGENCIES,MBS - MORTGAGE BACKED,CORP-GOVT,B,G,United States of America,AA+,,,AA+,A-1+,AA+,A-1+,AA+,Aaa,Aaa,P-1,Aaa,,Aaa,,AAA,AA+,AA1,1,SEMI-ANNUAL,FIXED RATE,FFCB,D,DAILY,,FEDERAL AGENCIES,AA+,,AA+,AA+,United States of America,F,USD FIXED INCOME,FIXED INCOME,3133ENGD6,US3133ENGD67,BN4FYZ4,U.S. DOLLAR,Govt,USD
MILLENNIUM TTF FI,3133ENW97,FEDERAL FARM CR BK CONS BD,5.030% 11/01/2024 DD 11/01/22,0.05,11/1/24,"10,000,000.00","10,000,000.00","9,968,100.00","-31,900.00",2.00,NO,"167,666.67","167,666.67",2/29/24,2/29/24,3/6/2024 12:34:41 AM,FINAL,99.68,99.68,T,IDSI,CLOSE,U. S. GOVERNMENT SECURITIES,FIXED INCOME SECURITIES,US AGENCIES,MBS - MORTGAGE BACKED,CORP-GOVT,B,G,United States of America,AA+,,,AA+,A-1+,AA+,A-1+,AA+,Aaa,Aaa,P-1,Aaa,,Aaa,,AAA,AA+,AA1,1,SEMI-ANNUAL,FIXED RATE,FFCB,D,DAILY,,FEDERAL AGENCIES,AA+,,AA+,AA+,United States of America,F,USD FIXED INCOME,FIXED INCOME,3133ENW97,US3133ENW976,BNLXDZ4,U.S. DOLLAR,Govt,USD
MILLENNIUM TTF FI,3133ENYK0,FEDERAL FARM CR BK CONS BD,4.450% 06/08/2032 DD 06/08/22,0.04,6/8/32,"10,000,000.00","10,000,000.00","9,620,100.00","-379,900.00",2.00,NO,"325,097.22","325,097.22",2/29/24,2/29/24,3/6/2024 12:34:41 AM,FINAL,96.20,96.20,T,IDSI,CLOSE,U. S. GOVERNMENT SECURITIES,FIXED INCOME SECURITIES,US AGENCIES,MBS - MORTGAGE BACKED,CORP-GOVT,B,G,United States of America,AA+,,,AA+,A-1+,AA+,A-1+,AA+,Aaa,Aaa,P-1,Aaa,,Aaa,,AAA,AA+,AA1,1,SEMI-ANNUAL,FIXED RATE,FFCB,D,DAILY,,FEDERAL AGENCIES,AA+,,AA+,AA+,United States of America,F,USD FIXED INCOME,FIXED INCOME,3133ENYK0,US3133ENYK09,BM8V5B4,U.S. DOLLAR,Govt,USD
MILLENNIUM TTF FI,3133EPZ65,FEDERAL FARM CR BK CONS BD,5.740% 01/30/2032 DD 01/30/24,0.06,1/30/32,"5,000,000.00","4,983,750.00","4,980,600.00","-3,150.00",2.00,NO,"24,713.89","24,713.89",2/29/24,2/29/24,3/6/2024 12:34:41 AM,FINAL,99.61,99.61,T,IDSI,CLOSE,U. S. GOVERNMENT SECURITIES,FIXED INCOME SECURITIES,US AGENCIES,MBS - MORTGAGE BACKED,CORP-GOVT,B,G,United States of America,AA+,,,AA+,A-1+,AA+,A-1+,AA+,Aaa,Aaa,P-1,Aaa,,Aaa,,AAA,AA+,AA1,1,SEMI-ANNUAL,FIXED RATE,FFCB,D,DAILY,,FEDERAL AGENCIES,AA+,,AA+,AA+,United States of America,F,USD FIXED INCOME,FIXED INCOME,3133EPZ65,US3133EPZ651,,U.S. DOLLAR,Govt,USD
MILLENNIUM TTF FI,458140BP4,INTEL CORP,3.400% 03/25/2025 DD 03/25/20,0.03,3/25/25,"5,000,000.00","4,992,250.00","4,903,450.00","-88,800.00",2.00,NO,"73,666.67","73,666.67",2/29/24,2/29/24,3/6/2024 12:34:41 AM,FINAL,98.07,98.07,T,IDSI,CLOSE,CORPORATE DEBT INSTRUMENTS,FIXED INCOME SECURITIES,TECHNOLOGY,BOND,CORP-GOVT,B,B,Intel Corp,A-,A-,A-2,A-,A-2,A-,A-2,A-,A3,A3,P-2,A3,P-2,A3,P-2,NR,A3,A3,1,SEMI-ANNUAL,FIXED RATE,INTC,D,DAILY,,INDUSTRIAL,A-,A-,A-,A-,Intel Corp,F,USD FIXED INCOME,FIXED INCOME,458140BP4,US458140BP43,BM5D1P9,U.S. DOLLAR,Corp,USD
MILLENNIUM TTF FI,459200JZ5,INTERNATIONAL BUSINESS MACHINE,3.300% 05/15/2026 DD 05/15/19,0.03,5/15/26,"10,000,000.00","9,981,400.00","9,631,300.00","-350,100.00",2.00,NO,"97,166.67","97,166.67",2/29/24,2/29/24,3/6/2024 12:34:41 AM,FINAL,96.31,96.31,T,IDSI,CLOSE,CORPORATE DEBT INSTRUMENTS,FIXED INCOME SECURITIES,TECHNOLOGY,BOND,CORP-GOVT,B,B,International Business Machines Corp,A-,A-,A-2,A-,A-2,A-,A-2,A-,A3,A3,P-2,A3,P-2,A3,P-2,WR,A3,A3,1,SEMI-ANNUAL,FIXED RATE,IBM,D,DAILY,,INDUSTRIAL,A-,A-,A-,A-,International Business Machines Corp,F,USD FIXED INCOME,FIXED INCOME,459200JZ5,US459200JZ55,BK592B6,U.S. DOLLAR,Corp,USD
MILLENNIUM TTF FI,91282CHD6,U S TREASURY NOTE,4.250% 05/31/2025 DD 05/31/23,0.04,5/31/25,"20,000,000.00","19,890,625.00","19,833,600.00","-57,025.00",1.00,NO,"214,835.16","214,835.16",2/29/24,2/29/24,3/6/2024 12:34:41 AM,FINAL,99.17,99.17,T,IDSI,CLOSE,U. S. GOVERNMENT SECURITIES,FIXED INCOME SECURITIES,US GOVERNMENTS,BOND,CORP-GOVT,B,B,United States of America,AA+,AA+,A-1+,AA+,A-1+,AA+,A-1+,,Aaa,Aaa,,Aaa,,Aaa,,AAA,AA+,AA1,1,SEMI-ANNUAL,FIXED RATE,WIT,D,DAILY,,US GOVERNMENT NOTES,AA+,AA+,AA+,AA+,United States of America,F,USD FIXED INCOME,FIXED INCOME,91282CHD6,US91282CHD65,BP489V8,U.S. DOLLAR,Govt,USD
MILLENNIUM TTF FI,023135BZ8,AMAZON.COM INC,2.100% 05/12/2031 DD 05/12/21,0.02,5/12/31,"5,000,000.00","4,999,100.00","4,198,550.00","-800,550.00",2.00,NO,"31,791.67","31,791.67",2/29/24,2/29/24,3/6/2024 12:34:41 AM,FINAL,83.97,83.97,T,IDSI,CLOSE,CORPORATE DEBT INSTRUMENTS,FIXED INCOME SECURITIES,COMMUNICATIONS,BOND,CORP-GOVT,B,B,Amazon.com Inc,AA,AA,A-1+,AA,A-1+,AA,A-1+,AA,A1,A1,P-1,A1,P-1,A1,P-1,AAA,A1,AA3,1,SEMI-ANNUAL,FIXED RATE,AMZN,D,DAILY,,INDUSTRIAL,AA-,AA-,AA-,AA-,Amazon.com Inc,F,USD FIXED INCOME,FIXED INCOME,023135BZ8,US023135BZ81,BN0WLF8,U.S. DOLLAR,Corp,USD
MILLENNIUM TTF FI,097023BU8,BOEING CO/THE,2.800% 03/01/2027 DD 02/16/17,0.03,3/1/27,"5,000,000.00","4,884,900.00","4,638,600.00","-246,300.00",2.00,NO,"70,000.00","70,000.00",2/29/24,2/29/24,3/6/2024 12:34:41 AM,FINAL,92.77,92.77,T,IDSI,CLOSE,CORPORATE DEBT INSTRUMENTS,FIXED INCOME SECURITIES,AEROSPACE & DEFENSE,BOND,CORP-GOVT,B,B,Boeing Co/The,BBB-,BBB-,A-3,BBB-,A-3,BBB-,A-3,BBB-,Baa2,Baa2,P-2,Baa2,P-2,Baa2,P-2,,BBB-,BAA3,2,SEMI-ANNUAL LONG,FIXED RATE,BA,D,DAILY,,INDUSTRIAL,BBB-,BBB-,BBB-,BBB-,Boeing Co/The,F,USD FIXED INCOME,FIXED INCOME,097023BU8,US097023BU85,BZBZQX3,U.S. DOLLAR,Corp,USD
MILLENNIUM TTF FI,254687FK7,WALT DISNEY CO/THE,1.750% 08/30/2024 DD 09/06/19,0.02,8/30/24,"10,000,000.00","9,959,200.00","9,819,100.00","-140,100.00",2.00,NO,"1,458.33","1,458.33",2/29/24,2/29/24,3/6/2024 12:34:41 AM,FINAL,98.19,98.19,T,IDSI,CLOSE,CORPORATE DEBT INSTRUMENTS,FIXED INCOME SECURITIES,COMMUNICATIONS,BOND,CORP-GOVT,B,B,Walt Disney Co/The,A-,A-,A-2,A-,A-2,A-,A-2,A-,A2,A2,P-1,A2,P-1,A2,P-1,AAA,A-,A3,1,SEMI-ANNUAL,FIXED RATE,DIS,D,DAILY,,INDUSTRIAL,A-,A-,A-,A-,Walt Disney Co/The,F,USD FIXED INCOME,FIXED INCOME,254687FK7,US254687FK79,BKLMSP5,U.S. DOLLAR,Corp,USD
MILLENNIUM TTF FI,3133ELQ49,FEDERAL FARM CR BK CONS BD,0.700% 06/30/2025 DD 06/30/20,0.01,6/30/25,"13,000,000.00","13,000,000.00","12,296,180.00","-703,820.00",2.00,NO,"15,419.44","15,419.44",2/29/24,2/29/24,3/6/2024 12:34:41 AM,FINAL,94.59,94.59,T,IDSI,CLOSE,U. S. GOVERNMENT SECURITIES,FIXED INCOME SECURITIES,US AGENCIES,BOND,CORP-GOVT,B,B,United States of America,AA+,,,AA+,A-1+,AA+,A-1+,AA+,Aaa,Aaa,P-1,Aaa,,Aaa,,AAA,AA+,AA1,1,SEMI-ANNUAL,FIXED RATE,FFCB,D,DAILY,,FEDERAL AGENCIES,AA+,,AA+,AA+,United States of America,F,USD FIXED INCOME,FIXED INCOME,3133ELQ49,US3133ELQ493,BKSG8P0,U.S. DOLLAR,Govt,USD
MILLENNIUM TTF FI,3133EMYN6,FEDERAL FARM CR BK CONS BD,0.710% 05/06/2025 DD 05/06/21,0.01,5/6/25,"16,000,000.00","16,000,000.00","15,228,800.00","-771,200.00",2.00,NO,"36,288.89","36,288.89",2/29/24,2/29/24,3/6/2024 12:34:41 AM,FINAL,95.18,95.18,T,IDSI,CLOSE,U. S. GOVERNMENT SECURITIES,FIXED INCOME SECURITIES,US AGENCIES,MBS - MORTGAGE BACKED,CORP-GOVT,B,G,United States of America,AA+,,,AA+,A-1+,AA+,A-1+,AA+,Aaa,Aaa,P-1,Aaa,,Aaa,,AAA,AA+,AA1,1,SEMI-ANNUAL,FIXED RATE,FFCB,D,DAILY,,FEDERAL AGENCIES,AA+,,AA+,AA+,United States of America,F,USD FIXED INCOME,FIXED INCOME,3133EMYN6,US3133EMYN64,BMY1GZ9,U.S. DOLLAR,Govt,USD
MILLENNIUM TTF FI,3133ENFF2,FEDERAL FARM CR BK CONS BD,2.040% 12/01/2031 DD 12/01/21,0.02,12/1/31,"10,000,000.00","9,990,000.00","8,243,200.00","-1,746,800.00",2.00,NO,"51,000.00","51,000.00",2/29/24,2/29/24,3/6/2024 12:34:41 AM,FINAL,82.43,82.43,T,IDSI,CLOSE,U. S. GOVERNMENT SECURITIES,FIXED INCOME SECURITIES,US AGENCIES,MBS - MORTGAGE BACKED,CORP-GOVT,B,G,United States of America,AA+,,,AA+,A-1+,AA+,A-1+,AA+,Aaa,Aaa,P-1,Aaa,,Aaa,,AAA,AA+,AA1,1,SEMI-ANNUAL,FIXED RATE,FFCB,D,DAILY,,FEDERAL AGENCIES,AA+,,AA+,AA+,United States of America,F,USD FIXED INCOME,FIXED INCOME,3133ENFF2,US3133ENFF25,BN4FW38,U.S. DOLLAR,Govt,USD
MILLENNIUM TTF FI,3133ENHA1,FEDERAL FARM CR BK CONS BD,1.500% 12/14/2026 DD 12/14/21,0.02,12/14/26,"10,000,000.00","10,000,000.00","9,156,400.00","-843,600.00",2.00,NO,"32,083.33","32,083.33",2/29/24,2/29/24,3/6/2024 12:34:41 AM,FINAL,91.56,91.56,T,IDSI,CLOSE,U. S. GOVERNMENT SECURITIES,FIXED INCOME SECURITIES,US AGENCIES,MBS - MORTGAGE BACKED,CORP-GOVT,B,G,United States of America,AA+,,,AA+,A-1+,AA+,A-1+,AA+,Aaa,Aaa,P-1,Aaa,,Aaa,,NR,AA+,AA1,1,SEMI-ANNUAL,FIXED RATE,FFCB,D,DAILY,,FEDERAL AGENCIES,AA+,,AA+,AA+,United States of America,F,USD FIXED INCOME,FIXED INCOME,3133ENHA1,US3133ENHA10,BL6HV86,U.S. DOLLAR,Govt,USD
MILLENNIUM TTF FI,3133EPWK7,FEDERAL FARM CR BK CONS BD,4.500% 09/22/2028 DD 09/22/23,0.05,9/22/28,"25,000,000.00","24,952,500.00","25,103,000.00","150,500.00",2.00,NO,"496,875.00","496,875.00",2/29/24,2/29/24,3/6/2024 12:34:41 AM,FINAL,100.41,100.41,T,IDSI,CLOSE,U. S. GOVERNMENT SECURITIES,FIXED INCOME SECURITIES,US AGENCIES,BOND,CORP-GOVT,B,B,United States of America,AA+,,,AA+,A-1+,AA+,A-1+,AA+,Aaa,Aaa,P-1,Aaa,,Aaa,,AAA,AA+,AA1,1,SEMI-ANNUAL,FIXED RATE,FFCB,D,DAILY,,FEDERAL AGENCIES,AA+,,AA+,AA+,United States of America,F,USD FIXED INCOME,FIXED INCOME,3133EPWK7,US3133EPWK74,,U.S. DOLLAR,Govt,USD
MILLENNIUM TTF FI,3133EPYC3,FEDERAL FARM CR BK CONS BD,5.360% 10/20/2027 DD 10/20/23,0.05,10/20/27,"10,000,000.00","9,995,000.00","10,061,700.00","66,700.00",2.00,NO,"195,044.44","195,044.44",2/29/24,2/29/24,3/6/2024 12:34:41 AM,FINAL,100.62,100.62,T,IDSI,CLOSE,U. S. GOVERNMENT SECURITIES,FIXED INCOME SECURITIES,US AGENCIES,MBS - MORTGAGE BACKED,CORP-GOVT,B,G,United States of America,AA+,,,AA+,A-1+,AA+,A-1+,AA+,Aaa,Aaa,P-1,Aaa,,Aaa,,AAA,AA+,AA1,1,SEMI-ANNUAL,FIXED RATE,FFCB,D,DAILY,,FEDERAL AGENCIES,AA+,,AA+,AA+,United States of America,F,USD FIXED INCOME,FIXED INCOME,3133EPYC3,US3133EPYC31,,U.S. DOLLAR,Govt,USD
MILLENNIUM TTF FI,3134GWZG4,FEDERAL HOME LN MTG CORP,0.600% 10/20/2025 DD 10/20/20,0.01,10/20/25,"15,000,000.00","15,000,000.00","14,012,700.00","-987,300.00",2.00,NO,"32,750.00","32,750.00",2/29/24,2/29/24,3/6/2024 12:34:41 AM,FINAL,93.42,93.42,T,IDSI,CLOSE,U. S. GOVERNMENT SECURITIES,FIXED INCOME SECURITIES,US AGENCIES,BOND,CORP-GOVT,B,B,United States of America,AA+,NR,,AA+,A-1+,,,,Aaa,Aaa,P-1,Aaa,,,,AAA,AA+,AA1,1,SEMI-ANNUAL,FIXED RATE,FHLMC,D,DAILY,,FEDERAL AGENCIES,AA+,AA+,AA+,,United States Department of the Treasury,F,USD FIXED INCOME,FIXED INCOME,3134GWZG4,US3134GWZG42,BNBSF08,U.S. DOLLAR,Govt,USD
MILLENNIUM TTF FI,3134GXCS1,FEDERAL HOME LN MTG CORP,0.625% 11/25/2025 DD 11/25/20,0.01,11/25/25,"15,000,000.00","15,000,000.00","13,962,900.00","-1,037,100.00",2.00,NO,"25,000.00","25,000.00",2/29/24,2/29/24,3/6/2024 12:34:41 AM,FINAL,93.09,93.09,T,IDSI,CLOSE,U. S. GOVERNMENT SECURITIES,FIXED INCOME SECURITIES,US AGENCIES,BOND,CORP-GOVT,B,B,United States of America,AA+,NR,,AA+,A-1+,,,,Aaa,Aaa,P-1,Aaa,,,,AAA,AA+,AA1,1,SEMI-ANNUAL,FIXED RATE,FHLMC,D,DAILY,,FEDERAL AGENCIES,AA+,AA+,AA+,,United States Department of the Treasury,F,USD FIXED INCOME,FIXED INCOME,3134GXCS1,US3134GXCS10,BMD5X84,U.S. DOLLAR,Govt,USD
MILLENNIUM TTF FI,46513JEB3,ISRAEL ST,2.280% 02/01/2025 DD 02/01/20,0.02,2/1/25,"2,500,000.00","2,500,000.00","2,446,475.00","-53,525.00",2.00,NO,"18,895.89","18,895.89",2/29/24,2/29/24,3/6/2024 12:34:41 AM,FINAL,97.86,97.86,T,IDSI,CLOSE,OTHER INVESTMENTS,FIXED INCOME SECURITIES,NON-US GOVERNMENT BONDS,BOND,CORP-GOVT,B,B,ISRAEL ST,-,,,,,,,,-,,,,,,,,-,-,1,SEMI-ANNUAL,FIXED RATE,,D,DAILY,,FEDERAL AGENCIES,-,,,,ISRAEL ST,F,NON-USD FIXED INCOME,FIXED INCOME,46513JEB3,US46513JEB35,,U.S. DOLLAR,,USD
MILLENNIUM TTF FI,46514TYU6,ISRAEL ST,1.170% 08/01/2024 DD 08/01/21,0.01,8/1/24,"1,200,000.00","1,200,000.00","1,183,008.00","-16,992.00",2.00,NO,"4,719.00","4,719.00",2/29/24,2/29/24,3/6/2024 12:34:41 AM,FINAL,98.58,98.58,T,IDSI,CLOSE,OTHER INVESTMENTS,FIXED INCOME SECURITIES,NON-US GOVERNMENT BONDS,BOND,CORP-GOVT,B,B,ISRAEL ST,-,,,,,,,,-,,,,,,,,-,-,1,SEMI-ANNUAL,FIXED RATE,,D,DAILY,,FEDERAL AGENCIES,-,,,,ISRAEL ST,F,NON-USD FIXED INCOME,FIXED INCOME,46514TYU6,US46514TYU68,,U.S. DOLLAR,,USD
MILLENNIUM TTF FI,46514VDU4,ISRAEL ST,5.040% 10/01/2027 DD 10/15/22,0.05,10/1/27,"5,000,000.00","5,000,000.00","5,000,000.00",0.00,2.00,NO,"352,100.00","352,100.00",2/29/24,2/29/24,3/6/2024 12:34:41 AM,FINAL,100.00,100.00,T,IDSI,CLOSE,OTHER INVESTMENTS,FIXED INCOME SECURITIES,NON-US GOVERNMENT BONDS,BOND,CORP-GOVT,B,B,ISRAEL ST,-,,,,,,,,-,,,,,,,,-,-,0,INTEREST AT MAT OR NO INTEREST,FIXED RATE,,D,DAILY,,FINANCIAL,-,,,,ISRAEL ST,F,NON-USD FIXED INCOME,FIXED INCOME,46514VDU4,US46514VDU44,,U.S. DOLLAR,,USD
MILLENNIUM TTF FI,742718FL8,PROCTER & GAMBLE CO/THE,0.550% 10/29/2025 DD 10/29/20,0.01,10/29/25,"3,500,000.00","3,494,330.00","3,262,840.00","-231,490.00",2.00,NO,"6,523.61","6,523.61",2/29/24,2/29/24,3/6/2024 12:34:41 AM,FINAL,93.22,93.22,T,IDSI,CLOSE,CORPORATE DEBT INSTRUMENTS,FIXED INCOME SECURITIES,HOUSEHOLD PRODUCTS,BOND,CORP-GOVT,B,B,Procter & Gamble Co/The,AA-,AA-,A-1+,AA-,A-1+,AA-,A-1+,AA-,Aa3,Aa3,P-1,Aa3,P-1,Aa3,P-1,,Aa3,AA3,1,SEMI-ANNUAL,FIXED RATE,PG,D,DAILY,,INDUSTRIAL,-,,,,Procter & Gamble Co/The,F,USD FIXED INCOME,FIXED INCOME,742718FL8,US742718FL83,BN6LZX5,U.S. DOLLAR,Corp,USD
MILLENNIUM TTF FI,91282CJX0,U S TREASURY NOTE,4.000% 01/31/2031 DD 01/31/24,0.04,1/31/31,"10,000,000.00","9,997,656.25","9,832,800.00","-164,856.25",1.00,NO,"32,967.03","32,967.03",2/29/24,2/29/24,3/6/2024 12:34:41 AM,FINAL,98.33,98.33,T,IDSI,CLOSE,U. S. GOVERNMENT SECURITIES,FIXED INCOME SECURITIES,US GOVERNMENTS,BOND,CORP-GOVT,B,B,United States of America,AA+,AA+,A-1+,AA+,A-1+,AA+,A-1+,,Aaa,Aaa,,Aaa,,Aaa,,,AA+,AA1,1,SEMI-ANNUAL,FIXED RATE,T,D,DAILY,,US GOVERNMENT NOTES,AA+,AA+,AA+,AA+,United States of America,F,USD FIXED INCOME,FIXED INCOME,91282CJX0,US91282CJX02,BPJM959,U.S. DOLLAR,Govt,USD
MILLENNIUM TTF FI,037833EC0,APPLE INC,1.200% 02/08/2028 DD 02/08/21,0.01,2/8/28,"10,000,000.00","9,975,900.00","8,779,200.00","-1,196,700.00",2.00,NO,"7,666.67","7,666.67",2/29/24,2/29/24,3/6/2024 12:34:41 AM,FINAL,87.79,87.79,T,IDSI,CLOSE,CORPORATE DEBT INSTRUMENTS,FIXED INCOME SECURITIES,TECHNOLOGY,BOND,CORP-GOVT,B,B,Apple Inc,AA+,AA+,A-1+,AA+,A-1+,AA+,A-1+,AA+,Aaa,Aaa,P-1,Aaa,P-1,Aaa,P-1,,AA+,AA1,1,SEMI-ANNUAL,FIXED RATE,AAPL,D,DAILY,,INDUSTRIAL,-,,,,Apple Inc,F,USD FIXED INCOME,FIXED INCOME,037833EC0,US037833EC07,BKPKLV2,U.S. DOLLAR,Corp,USD
MILLENNIUM TTF FI,3133EMAB8,FEDERAL FARM CR BK CONS BD,0.390% 06/17/2024 DD 09/17/20,0.00,6/17/24,"13,500,000.00","13,486,500.00","13,299,390.00","-187,110.00",2.00,NO,"35,197.50","35,197.50",2/29/24,2/29/24,3/6/2024 12:34:41 AM,FINAL,98.51,98.51,T,IDSI,CLOSE,U. S. GOVERNMENT SECURITIES,FIXED INCOME SECURITIES,US AGENCIES,BOND,CORP-GOVT,B,B,United States of America,AA+,,,AA+,A-1+,AA+,A-1+,AA+,Aaa,Aaa,P-1,Aaa,,Aaa,,AAA,AA+,AA1,1,SEMI-ANNUAL,FIXED RATE,FFCB,D,DAILY,,FEDERAL AGENCIES,AA+,,AA+,AA+,United States of America,F,USD FIXED INCOME,FIXED INCOME,3133EMAB8,US3133EMAB82,BKX8KT9,U.S. DOLLAR,Govt,USD
MILLENNIUM TTF FI,3133EMLP5,FEDERAL FARM CR BK CONS BD,0.320% 12/23/2024 DD 12/23/20,0.00,12/23/24,"18,000,000.00","18,000,000.00","17,311,500.00","-688,500.00",2.00,NO,"38,880.00","38,880.00",2/29/24,2/29/24,3/6/2024 12:34:41 AM,FINAL,96.18,96.18,T,IDSI,CLOSE,U. S. GOVERNMENT SECURITIES,FIXED INCOME SECURITIES,US AGENCIES,BOND,CORP-GOVT,B,B,United States of America,AA+,,,AA+,A-1+,AA+,A-1+,AA+,Aaa,Aaa,P-1,Aaa,,Aaa,,AAA,AA+,AA1,1,SEMI-ANNUAL,FIXED RATE,FFCB,D,DAILY,,FEDERAL AGENCIES,AA+,,AA+,AA+,United States of America,F,USD FIXED INCOME,FIXED INCOME,3133EMLP5,US3133EMLP59,BNGJ8Q3,U.S. DOLLAR,Govt,USD
MILLENNIUM TTF FI,3133ENWU0,FEDERAL FARM CR BK CONS BD,4.300% 05/17/2032 DD 05/17/22,0.04,5/17/32,"5,000,000.00","5,000,000.00","4,747,300.00","-252,700.00",2.00,NO,"62,111.11","62,111.11",2/29/24,2/29/24,3/6/2024 12:34:41 AM,FINAL,94.95,94.95,T,IDSI,CLOSE,U. S. GOVERNMENT SECURITIES,FIXED INCOME SECURITIES,US AGENCIES,MBS - MORTGAGE BACKED,CORP-GOVT,B,G,United States of America,AA+,,,AA+,A-1+,AA+,A-1+,AA+,Aaa,Aaa,P-1,Aaa,,Aaa,,AAA,AA+,AA1,1,SEMI-ANNUAL,FIXED RATE,FFCB,D,DAILY,,FEDERAL AGENCIES,AA+,,AA+,AA+,United States of America,F,USD FIXED INCOME,FIXED INCOME,3133ENWU0,US3133ENWU09,BM99432,U.S. DOLLAR,Govt,USD
MILLENNIUM TTF FI,3133EPK46,FEDERAL FARM CR BK CONS BD,5.730% 12/06/2028 DD 12/06/23,0.06,12/6/28,"10,000,000.00","9,990,000.00","9,989,100.00",-900.00,2.00,NO,"135,291.67","135,291.67",2/29/24,2/29/24,3/6/2024 12:34:41 AM,FINAL,99.89,99.89,T,IDSI,CLOSE,U. S. GOVERNMENT SECURITIES,FIXED INCOME SECURITIES,US AGENCIES,MBS - MORTGAGE BACKED,CORP-GOVT,B,G,United States of America,AA+,,,AA+,A-1+,AA+,A-1+,AA+,Aaa,Aaa,P-1,Aaa,,Aaa,,AAA,AA+,AA1,1,SEMI-ANNUAL,FIXED RATE,FFCB,D,DAILY,,FEDERAL AGENCIES,AA+,,AA+,AA+,United States of America,F,USD FIXED INCOME,FIXED INCOME,3133EPK46,US3133EPK463,,U.S. DOLLAR,Govt,USD
MILLENNIUM TTF FI,3133EPAT2,FEDERAL FARM CR BK CONS BD,5.600% 02/14/2030 DD 02/14/23,0.06,2/14/30,"10,000,000.00","10,000,000.00","9,952,900.00","-47,100.00",2.00,NO,"26,444.44","26,444.44",2/29/24,2/29/24,3/6/2024 12:34:41 AM,FINAL,99.53,99.53,T,IDSI,CLOSE,U. S. GOVERNMENT SECURITIES,FIXED INCOME SECURITIES,US AGENCIES,MBS - MORTGAGE BACKED,CORP-GOVT,B,G,United States of America,AA+,,,AA+,A-1+,AA+,A-1+,AA+,Aaa,Aaa,P-1,Aaa,,Aaa,,AAA,AA+,AA1,1,SEMI-ANNUAL,FIXED RATE,FFCB,D,DAILY,,FEDERAL AGENCIES,AA+,,AA+,AA+,United States of America,F,USD FIXED INCOME,FIXED INCOME,3133EPAT2,US3133EPAT22,,U.S. DOLLAR,Govt,USD
MILLENNIUM TTF FI,478160CJ1,JOHNSON & JOHNSON,2.625% 01/15/2025 DD 11/10/17,0.03,1/15/25,"5,000,000.00","4,999,150.00","4,893,050.00","-106,100.00",2.00,NO,"16,770.83","16,770.83",2/29/24,2/29/24,3/6/2024 12:34:41 AM,FINAL,97.86,97.86,T,IDSI,CLOSE,CORPORATE DEBT INSTRUMENTS,FIXED INCOME SECURITIES,HEALTH CARE,BOND,CORP-GOVT,B,B,Johnson & Johnson,AAA,AAA,A-1+,AAA,A-1+,AAA,A-1+,AAA,Aaa,Aaa,P-1,Aaa,P-1,Aaa,P-1,AAA,Aaa,AAA,2,SEMI-ANNUAL LONG,FIXED RATE,JNJ,D,DAILY,,INDUSTRIAL,-,WD,WD,WD,Johnson & Johnson,F,USD FIXED INCOME,FIXED INCOME,478160CJ1,US478160CJ19,BFXCN53,U.S. DOLLAR,Corp,USD
MILLENNIUM TTF FI,58013MFS8,MCDONALD'S CORP,4.600% 09/09/2032 DD 09/09/22,0.05,9/9/32,"2,000,000.00","1,991,120.00","1,951,680.00","-39,440.00",2.00,NO,"43,955.56","43,955.56",2/29/24,2/29/24,3/6/2024 12:34:41 AM,FINAL,97.58,97.58,T,IDSI,CLOSE,CORPORATE DEBT INSTRUMENTS,FIXED INCOME SECURITIES,RETAIL,BOND,CORP-GOVT,B,B,McDonald's Corp,BBB+,BBB+,A-2,BBB+,A-2,BBB+,A-2,BBB+,Baa1,Baa1,P-2,Baa1,P-2,Baa1,P-2,AAA,Baa1,BAA1,1,SEMI-ANNUAL,FIXED RATE,MCD,D,DAILY,,INDUSTRIAL,-,WD,WD,WD,McDonald's Corp,F,USD FIXED INCOME,FIXED INCOME,58013MFS8,US58013MFS89,BMDQF70,U.S. DOLLAR,Corp,USD
MILLENNIUM TTF FI,91282CFB2,U S TREASURY NOTE,2.750% 07/31/2027 DD 07/31/22,0.03,7/31/27,"10,000,000.00","9,853,906.25","9,481,600.00","-372,306.25",1.00,NO,"160,164.84","160,164.84",2/29/24,2/29/24,3/6/2024 12:34:41 AM,FINAL,94.82,94.82,T,IDSI,CLOSE,U. S. GOVERNMENT SECURITIES,FIXED INCOME SECURITIES,US GOVERNMENTS,BOND,CORP-GOVT,B,B,United States of America,AA+,AA+,A-1+,AA+,A-1+,AA+,A-1+,,Aaa,Aaa,,Aaa,,Aaa,,AAA,AA+,AA1,1,SEMI-ANNUAL,FIXED RATE,T,D,DAILY,,US GOVERNMENT NOTES,AA+,AA+,AA+,AA+,United States of America,F,USD FIXED INCOME,FIXED INCOME,91282CFB2,US91282CFB28,BQ7Y9P4,U.S. DOLLAR,Govt,USD
MILLENNIUM TTF FI,91282CGL9,U S TREASURY NOTE,4.000% 02/15/2026 DD 02/15/23,0.04,2/15/26,"10,000,000.00","9,929,296.88","9,878,100.00","-51,196.88",1.00,NO,"16,483.52","16,483.52",2/29/24,2/29/24,3/6/2024 12:34:41 AM,FINAL,98.78,98.78,T,IDSI,CLOSE,U. S. GOVERNMENT SECURITIES,FIXED INCOME SECURITIES,US GOVERNMENTS,BOND,CORP-GOVT,B,B,United States of America,AA+,AA+,A-1+,AA+,A-1+,AA+,A-1+,,Aaa,Aaa,,Aaa,,Aaa,,AAA,AA+,AA1,1,SEMI-ANNUAL,FIXED RATE,T,D,DAILY,,US GOVERNMENT NOTES,AA+,AA+,AA+,AA+,United States of America,F,USD FIXED INCOME,FIXED INCOME,91282CGL9,US91282CGL90,BQXLPS4,U.S. DOLLAR,Govt,USD
MILLENNIUM TTF FI,91282CHV6,U S TREASURY NOTE,5.000% 08/31/2025 DD 08/31/23,0.05,8/31/25,"25,000,000.00","24,972,656.25","25,058,500.00","85,843.75",1.00,NO,"6,756.76","6,756.76",2/29/24,2/29/24,3/6/2024 12:34:41 AM,FINAL,100.23,100.23,T,IDSI,CLOSE,U. S. GOVERNMENT SECURITIES,FIXED INCOME SECURITIES,US GOVERNMENTS,BOND,CORP-GOVT,B,B,United States of America,AA+,AA+,A-1+,AA+,A-1+,AA+,A-1+,,Aaa,Aaa,,Aaa,,Aaa,,AAA,AA+,AA1,1,SEMI-ANNUAL,FIXED RATE,T,D,DAILY,,US GOVERNMENT NOTES,AA+,AA+,AA+,AA+,United States of America,F,USD FIXED INCOME,FIXED INCOME,91282CHV6,US91282CHV63,BMGC3P9,U.S. DOLLAR,Govt,USD
MILLENNIUM TTF FI,9128285M8,U S TREASURY NOTE,3.125% 11/15/2028 DD 11/15/18,0.03,11/15/28,"10,000,000.00","9,935,937.50","9,501,600.00","-434,337.50",1.00,NO,"91,861.26","91,861.26",2/29/24,2/29/24,3/6/2024 12:34:41 AM,FINAL,95.02,95.02,T,IDSI,CLOSE,U. S. GOVERNMENT SECURITIES,FIXED INCOME SECURITIES,US GOVERNMENTS,BOND,CORP-GOVT,B,B,United States of America,AA+,AA+,A-1+,AA+,A-1+,AA+,A-1+,,Aaa,Aaa,,Aaa,,Aaa,,AAA,AA+,AA1,1,SEMI-ANNUAL,FIXED RATE,T,D,DAILY,,US GOVERNMENT NOTES,AA+,AA+,AA+,AA+,United States of America,F,USD FIXED INCOME,FIXED INCOME,9128285M8,US9128285M81,BGRW840,U.S. DOLLAR,Govt,USD
MILLENNIUM TTF FI,931142EN9,WALMART INC,3.250% 07/08/2029 DD 04/23/19,0.03,7/8/29,"5,000,000.00","4,994,100.00","4,695,550.00","-298,550.00",2.00,NO,"23,923.61","23,923.61",2/29/24,2/29/24,3/6/2024 12:34:41 AM,FINAL,93.91,93.91,T,IDSI,CLOSE,CORPORATE DEBT INSTRUMENTS,FIXED INCOME SECURITIES,RETAIL,BOND,CORP-GOVT,B,B,Walmart Inc,AA,AA,A-1+,AA,A-1+,AA,A-1+,AA,Aa2,Aa2,P-1,Aa2,P-1,Aa2,P-1,A3,Aa2,AA2,1,SEMI-ANNUAL,FIXED RATE,WMT,D,DAILY,,INDUSTRIAL,AA,AA,AA,AA,Walmart Inc,F,USD FIXED INCOME,FIXED INCOME,931142EN9,US931142EN95,BJK4BT0,U.S. DOLLAR,Corp,USD
MILLENNIUM TTF FI,3133EME40,FEDERAL FARM CR BK CONS BD,0.330% 06/03/2024 DD 06/03/21,0.00,6/3/24,"14,000,000.00","13,994,400.00","13,812,960.00","-181,440.00",2.00,NO,"34,393.33","34,393.33",2/29/24,2/29/24,3/6/2024 12:34:41 AM,FINAL,98.66,98.66,T,IDSI,CLOSE,U. S. GOVERNMENT SECURITIES,FIXED INCOME SECURITIES,US AGENCIES,MBS - MORTGAGE BACKED,CORP-GOVT,B,G,United States of America,AA+,,,AA+,A-1+,AA+,A-1+,AA+,Aaa,Aaa,P-1,Aaa,,Aaa,,AAA,AA+,AA1,1,SEMI-ANNUAL,FIXED RATE,FFCB,D,DAILY,,FEDERAL AGENCIES,AA+,,AA+,AA+,United States of America,F,USD FIXED INCOME,FIXED INCOME,3133EME40,US3133EME406,BM8GZZ3,U.S. DOLLAR,Govt,USD
MILLENNIUM TTF FI,3133ENNM8,FEDERAL FARM CR BK CONS BD,2.280% 02/14/2028 DD 02/14/22,0.02,2/14/28,"10,000,000.00","10,000,000.00","9,203,800.00","-796,200.00",2.00,NO,"10,766.67","10,766.67",2/29/24,2/29/24,3/6/2024 12:34:41 AM,FINAL,92.04,92.04,T,IDSI,CLOSE,U. S. GOVERNMENT SECURITIES,FIXED INCOME SECURITIES,US AGENCIES,MBS - MORTGAGE BACKED,CORP-GOVT,B,G,United States of America,AA+,,,AA+,A-1+,AA+,A-1+,AA+,Aaa,Aaa,P-1,Aaa,,Aaa,,AAA,AA+,AA1,1,SEMI-ANNUAL,FIXED RATE,FFCB,D,DAILY,,FEDERAL AGENCIES,AA+,,AA+,AA+,United States of America,F,USD FIXED INCOME,FIXED INCOME,3133ENNM8,US3133ENNM83,BLB1BF0,U.S. DOLLAR,Govt,USD
MILLENNIUM TTF FI,3133ENXV7,FEDERAL FARM CR BK CONS BD,4.330% 06/02/2031 DD 06/02/22,0.04,6/2/31,"10,000,000.00","10,000,000.00","9,605,700.00","-394,300.00",2.00,NO,"107,047.22","107,047.22",2/29/24,2/29/24,3/6/2024 12:34:41 AM,FINAL,96.06,96.06,T,IDSI,CLOSE,U. S. GOVERNMENT SECURITIES,FIXED INCOME SECURITIES,US AGENCIES,MBS - MORTGAGE BACKED,CORP-GOVT,B,G,United States of America,AA+,,,AA+,A-1+,AA+,A-1+,AA+,Aaa,Aaa,P-1,Aaa,,Aaa,,AAA,AA+,AA1,1,SEMI-ANNUAL,FIXED RATE,FFCB,D,DAILY,,FEDERAL AGENCIES,AA+,,AA+,AA+,United States of America,F,USD FIXED INCOME,FIXED INCOME,3133ENXV7,US3133ENXV72,BMV12Q5,U.S. DOLLAR,Govt,USD
MILLENNIUM TTF FI,3133EN5C0,FEDERAL FARM CR BK CONS BD,5.370% 12/27/2028 DD 12/27/22,0.05,12/27/28,"10,000,000.00","10,000,000.00","9,992,800.00","-7,200.00",2.00,NO,"134,250.00","134,250.00",2/29/24,2/29/24,3/6/2024 12:34:41 AM,FINAL,99.93,99.93,T,IDSI,CLOSE,U. S. GOVERNMENT SECURITIES,FIXED INCOME SECURITIES,US AGENCIES,MBS - MORTGAGE BACKED,CORP-GOVT,B,G,United States of America,AA+,,,AA+,A-1+,AA+,A-1+,AA+,Aaa,Aaa,P-1,Aaa,,Aaa,,AAA,AA+,AA1,1,SEMI-ANNUAL,FIXED RATE,FFCB,D,DAILY,,FEDERAL AGENCIES,AA+,,AA+,AA+,United States of America,F,USD FIXED INCOME,FIXED INCOME,3133EN5C0,US3133EN5C08,BMH8VM9,U.S. DOLLAR,Govt,USD
MILLENNIUM TTF FI,3133EPVZ5,FEDERAL FARM CR BK CONS BD,5.670% 09/18/2029 DD 09/18/23,0.06,9/18/29,"10,000,000.00","9,952,000.00","10,062,700.00","110,700.00",2.00,NO,"256,725.00","256,725.00",2/29/24,2/29/24,3/6/2024 12:34:41 AM,FINAL,100.63,100.63,T,IDSI,CLOSE,U. S. GOVERNMENT SECURITIES,FIXED INCOME SECURITIES,US AGENCIES,MBS - MORTGAGE BACKED,CORP-GOVT,B,G,United States of America,AA+,,,AA+,A-1+,AA+,A-1+,AA+,Aaa,Aaa,P-1,Aaa,,Aaa,,AAA,AA+,AA1,1,SEMI-ANNUAL,FIXED RATE,FFCB,D,DAILY,,FEDERAL AGENCIES,AA+,,AA+,AA+,United States of America,F,USD FIXED INCOME,FIXED INCOME,3133EPVZ5,US3133EPVZ52,BSB8X65,U.S. DOLLAR,Govt,USD
MILLENNIUM TTF FI,3134GXHY3,FEDERAL HOME LN MTG CORP,0.750% 06/23/2026 DD 12/23/20,0.01,6/23/26,"14,000,000.00","13,866,720.00","12,785,780.00","-1,080,940.00",2.00,NO,"19,833.33","19,833.33",2/29/24,2/29/24,3/6/2024 12:34:41 AM,FINAL,91.33,91.33,T,IDSI,CLOSE,U. S. GOVERNMENT SECURITIES,FIXED INCOME SECURITIES,US AGENCIES,BOND,CORP-GOVT,B,B,United States of America,AA+,NR,,AA+,A-1+,,,,Aaa,Aaa,P-1,Aaa,,,,AAA,AA+,AA1,1,SEMI-ANNUAL,FIXED RATE,FHLMC,D,DAILY,,FEDERAL AGENCIES,AA+,AA+,AA+,,United States Department of the Treasury,F,USD FIXED INCOME,FIXED INCOME,3134GXHY3,US3134GXHY33,BMYYPV7,U.S. DOLLAR,Govt,USD
MILLENNIUM TTF FI,3134H1PT4,FEDERAL HOME LN MTG CORP,5.150% 01/22/2029 DD 01/22/24,0.05,1/22/29,"10,000,000.00","9,995,000.00","9,958,600.00","-36,400.00",2.00,NO,"55,791.67","55,791.67",2/29/24,2/29/24,3/6/2024 12:34:41 AM,FINAL,99.59,99.59,T,IDSI,CLOSE,U. S. GOVERNMENT SECURITIES,FIXED INCOME SECURITIES,US AGENCIES,BOND,CORP-GOVT,B,B,United States of America,AA+,NR,,AA+,A-1+,,,AA+,Aaa,Aaa,P-1,Aaa,,,,NR,AA+,AA1,1,SEMI-ANNUAL,FIXED RATE,FHLMC,D,DAILY,,FEDERAL AGENCIES,AA+,AA+,AA+,,United States Department of the Treasury,F,USD FIXED INCOME,FIXED INCOME,3134H1PT4,US3134H1PT45,,U.S. DOLLAR,Govt,USD
MILLENNIUM TTF FI,3135G06R9,FEDERAL NATL MTG ASSN,0.550% 01/28/2026 DD 01/28/21,0.01,1/28/26,"15,000,000.00","15,000,000.00","13,856,700.00","-1,143,300.00",2.00,NO,"7,562.50","7,562.50",2/29/24,2/29/24,3/6/2024 12:34:41 AM,FINAL,92.38,92.38,T,IDSI,CLOSE,U. S. GOVERNMENT SECURITIES,FIXED INCOME SECURITIES,US AGENCIES,BOND,CORP-GOVT,B,B,United States of America,AA+,,,AA+,A-1+,AA+,A-1+,AA+,Aaa,Aaa,P-1,Aaa,,Aaa,,AAA,AA+,AA1,1,SEMI-ANNUAL,FIXED RATE,FNMA,D,DAILY,,FEDERAL AGENCIES,AA+,AA+,AA+,AA+,United States of America,F,USD FIXED INCOME,FIXED INCOME,3135G06R9,US3135G06R90,BN4PX91,U.S. DOLLAR,Govt,USD
MILLENNIUM TTF FI,46514TNH7,ISRAEL ST,1.020% 08/01/2024 DD 08/01/21,0.01,8/1/24,"3,800,000.00","3,800,000.00","3,743,912.00","-56,088.00",2.00,NO,"22,933.00","22,933.00",2/29/24,2/29/24,3/6/2024 12:34:41 AM,FINAL,98.52,98.52,T,IDSI,CLOSE,OTHER INVESTMENTS,FIXED INCOME SECURITIES,NON-US GOVERNMENT BONDS,BOND,CORP-GOVT,B,B,ISRAEL ST,-,,,,,,,,-,,,,,,,,-,-,1,SEMI-ANNUAL,FIXED RATE,,D,DAILY,,FEDERAL AGENCIES,-,,,,ISRAEL ST,F,NON-USD FIXED INCOME,FIXED INCOME,46514TNH7,US46514TNH76,,U.S. DOLLAR,,USD
MILLENNIUM TTF FI,478160CK8,JOHNSON & JOHNSON,2.900% 01/15/2028 DD 11/10/17,0.03,1/15/28,"5,000,000.00","4,994,050.00","4,728,650.00","-265,400.00",2.00,NO,"18,527.78","18,527.78",2/29/24,2/29/24,3/6/2024 12:34:41 AM,FINAL,94.57,94.57,T,IDSI,CLOSE,CORPORATE DEBT INSTRUMENTS,FIXED INCOME SECURITIES,HEALTH CARE,BOND,CORP-GOVT,B,B,Johnson & Johnson,AAA,AAA,A-1+,AAA,A-1+,AAA,A-1+,AAA,Aaa,Aaa,P-1,Aaa,P-1,Aaa,P-1,AAA,Aaa,AAA,2,SEMI-ANNUAL LONG,FIXED RATE,JNJ,D,DAILY,,INDUSTRIAL,-,WD,WD,WD,Johnson & Johnson,F,USD FIXED INCOME,FIXED INCOME,478160CK8,US478160CK81,BFXCN86,U.S. DOLLAR,Corp,USD
MILLENNIUM TTF FI,494368BZ5,KIMBERLY-CLARK CORP,3.200% 04/25/2029 DD 04/25/19,0.03,4/25/29,"5,000,000.00","4,991,500.00","4,643,200.00","-348,300.00",2.00,NO,"56,000.00","56,000.00",2/29/24,2/29/24,3/6/2024 12:34:41 AM,FINAL,92.86,92.86,T,IDSI,CLOSE,CORPORATE DEBT INSTRUMENTS,FIXED INCOME SECURITIES,HOUSEHOLD PRODUCTS,BOND,CORP-GOVT,B,B,Kimberly-Clark Corp,A,A,A-1,A,A-1,A,A-1,A,A2,A2,P-1,A2,P-1,A2,P-1,A2,A2,A2,1,SEMI-ANNUAL,FIXED RATE,KMB,D,DAILY,,INDUSTRIAL,-,WD,WD,WD,Kimberly-Clark Corp,F,USD FIXED INCOME,FIXED INCOME,494368BZ5,US494368BZ58,BJYS734,U.S. DOLLAR,Corp,USD
MILLENNIUM TTF FI,742718GA1,PROCTER & GAMBLE CO/THE,4.050% 01/26/2033 DD 01/26/23,0.04,1/26/33,"5,000,000.00","4,999,600.00","4,812,550.00","-187,050.00",2.00,NO,"19,687.50","19,687.50",2/29/24,2/29/24,3/6/2024 12:34:41 AM,FINAL,96.25,96.25,T,IDSI,CLOSE,CORPORATE DEBT INSTRUMENTS,FIXED INCOME SECURITIES,HOUSEHOLD PRODUCTS,BOND,CORP-GOVT,B,B,Procter & Gamble Co/The,AA-,AA-,A-1+,AA-,A-1+,AA-,A-1+,AA-,Aa3,Aa3,P-1,Aa3,P-1,Aa3,P-1,WR,Aa3,AA3,1,SEMI-ANNUAL,FIXED RATE,PG,D,DAILY,,INDUSTRIAL,-,,,,Procter & Gamble Co/The,F,USD FIXED INCOME,FIXED INCOME,742718GA1,US742718GA10,BPX2030,U.S. DOLLAR,Corp,USD
MILLENNIUM TTF FI,806854AJ4,SCHLUMBERGER INVESTMENT SA,2.650% 06/26/2030 DD 06/26/20,0.03,6/26/30,"4,500,000.00","4,482,360.00","3,952,845.00","-529,515.00",2.00,NO,"21,531.25","21,531.25",2/29/24,2/29/24,3/6/2024 12:34:41 AM,FINAL,87.84,87.84,T,IDSI,CLOSE,CORPORATE DEBT INSTRUMENTS,FIXED INCOME SECURITIES,OIL & GAS,BOND,CORP-GOVT,B,B,Schlumberger NV,A,,,A,A-1,A,A-1,A,A2,A2,P-1,A2,,A2,,A2,A2,A2,1,SEMI-ANNUAL,FIXED RATE,SLB,D,DAILY,,GAS TRANSMISSION,-,,,,Schlumberger NV,F,NON-USD FIXED INCOME,FIXED INCOME,806854AJ4,US806854AJ48,,U.S. DOLLAR,Corp,USD
MILLENNIUM TTF FI,902494AX1,TYSON FOODS INC,3.950% 08/15/2024 DD 08/08/14,0.04,8/15/24,"2,000,000.00","1,993,920.00","1,983,720.00","-10,200.00",2.00,NO,"3,511.11","3,511.11",2/29/24,2/29/24,3/6/2024 12:34:41 AM,FINAL,99.19,99.19,T,IDSI,CLOSE,CORPORATE DEBT INSTRUMENTS,FIXED INCOME SECURITIES,FOOD PRODUCTS,BOND,CORP-GOVT,B,B,Tyson Foods Inc,BBB,BBB,A-2,BBB,A-2,BBB,A-2,BBB,Baa2,Baa2,P-2,Baa2,P-2,Baa2,P-2,BAA2,Baa2,BAA2,2,SEMI-ANNUAL LONG,FIXED RATE,TSN,D,DAILY,,INDUSTRIAL,BBB,BBB,BBB,BBB,Tyson Foods Inc,F,USD FIXED INCOME,FIXED INCOME,902494AX1,US902494AX19,BQ0Q9T1,U.S. DOLLAR,Corp,USD
MILLENNIUM TTF FI,911312BZ8,UNITED PARCEL SERVICE INC,4.875% 03/03/2033 DD 02/27/23,0.05,3/3/33,"5,000,000.00","4,998,400.00","4,959,600.00","-38,800.00",2.00,NO,"120,520.83","120,520.83",2/29/24,2/29/24,3/6/2024 12:34:41 AM,FINAL,99.19,99.19,T,IDSI,CLOSE,CORPORATE DEBT INSTRUMENTS,FIXED INCOME SECURITIES,TRANSPORTATION,BOND,CORP-GOVT,B,B,United Parcel Service Inc,A,A,A-1,A,A-1,A,A-1,A,A2,A2,P-1,A2,P-1,A2,P-1,,A2,A2,2,SEMI-ANNUAL LONG,FIXED RATE,UPS,D,DAILY,,INDUSTRIAL,-,,,,United Parcel Service Inc,F,USD FIXED INCOME,FIXED INCOME,911312BZ8,US911312BZ82,BQMRXY5,U.S. DOLLAR,Corp,USD
MILLENNIUM TTF FI,91282CEX5,U S TREASURY NOTE,3.000% 06/30/2024 DD 06/30/22,0.03,6/30/24,"20,000,000.00","19,554,685.50","19,844,600.00","289,914.50",1.00,NO,"100,549.45","100,549.45",2/29/24,2/29/24,3/6/2024 12:34:41 AM,FINAL,99.22,99.22,T,IDSI,CLOSE,U. S. GOVERNMENT SECURITIES,FIXED INCOME SECURITIES,US GOVERNMENTS,BOND,CORP-GOVT,B,B,United States of America,AA+,AA+,A-1+,AA+,A-1+,AA+,A-1+,,Aaa,Aaa,,Aaa,,Aaa,,AAA,AA+,AA1,1,SEMI-ANNUAL,FIXED RATE,T,D,DAILY,,US GOVERNMENT NOTES,AA+,AA+,AA+,AA+,United States of America,F,USD FIXED INCOME,FIXED INCOME,91282CEX5,US91282CEX56,BQC7W04,U.S. DOLLAR,Govt,USD
MILLENNIUM TTF FI,037833EB2,APPLE INC,0.700% 02/08/2026 DD 02/08/21,0.01,2/8/26,"6,000,000.00","5,986,500.00","5,545,800.00","-440,700.00",2.00,NO,"2,683.33","2,683.33",2/29/24,2/29/24,3/6/2024 12:34:41 AM,FINAL,92.43,92.43,T,IDSI,CLOSE,CORPORATE DEBT INSTRUMENTS,FIXED INCOME SECURITIES,TECHNOLOGY,BOND,CORP-GOVT,B,B,Apple Inc,AA+,AA+,A-1+,AA+,A-1+,AA+,A-1+,AA+,Aaa,Aaa,P-1,Aaa,P-1,Aaa,P-1,AAA,AA+,AA1,1,SEMI-ANNUAL,FIXED RATE,AAPL,D,DAILY,,INDUSTRIAL,-,,,,Apple Inc,F,USD FIXED INCOME,FIXED INCOME,037833EB2,US037833EB24,BNNRCS0,U.S. DOLLAR,Corp,USD
MILLENNIUM TTF FI,110122EG9,BRISTOL-MYERS SQUIBB CO,5.100% 02/22/2031 DD 02/22/24,0.05,2/22/31,"4,000,000.00","3,993,720.00","4,011,240.00","17,520.00",2.00,NO,"5,100.00","5,100.00",2/29/24,2/29/24,3/6/2024 12:34:41 AM,FINAL,100.28,100.28,T,IDSI,CLOSE,CORPORATE DEBT INSTRUMENTS,FIXED INCOME SECURITIES,HEALTH CARE,BOND,CORP-GOVT,B,B,Bristol-Myers Squibb Co,A,A,A-1,A,A-1,A,A-1,A,A2,A2,P-1,A2,P-1,A2,P-1,AAA,A2,A2,1,SEMI-ANNUAL,FIXED RATE,BMY,D,DAILY,,INDUSTRIAL,-,WD,WD,WD,Bristol-Myers Squibb Co,F,USD FIXED INCOME,FIXED INCOME,110122EG9,US110122EG99,BPG5RB3,U.S. DOLLAR,Corp,USD
MILLENNIUM TTF FI,3133ENYM6,FEDERAL FARM CR BK CONS BD,3.780% 06/08/2028 DD 06/08/22,0.04,6/8/28,"5,000,000.00","5,000,000.00","4,823,450.00","-176,550.00",2.00,NO,"43,575.00","43,575.00",2/29/24,2/29/24,3/6/2024 12:34:41 AM,FINAL,96.47,96.47,T,IDSI,CLOSE,U. S. GOVERNMENT SECURITIES,FIXED INCOME SECURITIES,US AGENCIES,MBS - MORTGAGE BACKED,CORP-GOVT,B,G,United States of America,AA+,,,AA+,A-1+,AA+,A-1+,AA+,Aaa,Aaa,P-1,Aaa,,Aaa,,AAA,AA+,AA1,1,SEMI-ANNUAL,FIXED RATE,FFCB,D,DAILY,,FEDERAL AGENCIES,AA+,,AA+,AA+,United States of America,F,USD FIXED INCOME,FIXED INCOME,3133ENYM6,US3133ENYM64,BM8V5Q9,U.S. DOLLAR,Govt,USD
MILLENNIUM TTF FI,3133ENZM5,FEDERAL FARM CR BK CONS BD,4.470% 06/29/2029 DD 06/29/22,0.04,6/29/29,"10,000,000.00","10,000,000.00","9,760,700.00","-239,300.00",2.00,NO,"300,483.33","300,483.33",2/29/24,2/29/24,3/6/2024 12:34:41 AM,FINAL,97.61,97.61,T,IDSI,CLOSE,U. S. GOVERNMENT SECURITIES,FIXED INCOME SECURITIES,US AGENCIES,MBS - MORTGAGE BACKED,CORP-GOVT,B,G,United States of America,AA+,,,AA+,A-1+,AA+,A-1+,AA+,Aaa,Aaa,P-1,Aaa,,Aaa,,AAA,AA+,AA1,1,SEMI-ANNUAL,FIXED RATE,FFCB,D,DAILY,,FEDERAL AGENCIES,AA+,,AA+,AA+,United States of America,F,USD FIXED INCOME,FIXED INCOME,3133ENZM5,US3133ENZM55,,U.S. DOLLAR,Govt,USD
MILLENNIUM TTF FI,438516BW5,HONEYWELL INTERNATIONAL INC,2.300% 08/15/2024 DD 08/08/19,0.02,8/15/24,"3,000,000.00","2,993,790.00","2,958,480.00","-35,310.00",2.00,NO,"3,066.67","3,066.67",2/29/24,2/29/24,3/6/2024 12:34:41 AM,FINAL,98.62,98.62,T,IDSI,CLOSE,CORPORATE DEBT INSTRUMENTS,FIXED INCOME SECURITIES,TECHNOLOGY,BOND,CORP-GOVT,B,B,Honeywell International Inc,A,A,A-1,A,A-1,A,A-1,A,A2,A2,P-1,A2,P-1,A2,P-1,A2,A2,A2,2,SEMI-ANNUAL LONG,FIXED RATE,HON,D,DAILY,,INDUSTRIAL,A,A,A,A,Honeywell International Inc,F,USD FIXED INCOME,FIXED INCOME,438516BW5,US438516BW59,BJ9ND36,U.S. DOLLAR,Corp,USD
MILLENNIUM TTF FI,46514BDU8,ISRAEL ST,5.740% 10/01/2028 DD 10/15/23,0.06,10/1/28,"2,500,000.00","2,500,000.00","2,500,000.00",0.00,2.00,NO,"54,211.11","54,211.11",2/29/24,2/29/24,3/6/2024 12:34:41 AM,FINAL,100.00,100.00,T,IDSI,CLOSE,OTHER INVESTMENTS,FIXED INCOME SECURITIES,NON-US GOVERNMENT BONDS,BOND,CORP-GOVT,B,B,ISRAEL ST,-,,,,,,,,-,,,,,,,,-,-,1,SEMI-ANNUAL,FIXED RATE,,D,DAILY,,FEDERAL AGENCIES,-,,,,ISRAEL ST,F,NON-USD FIXED INCOME,FIXED INCOME,46514BDU8,US46514BDU89,,U.S. DOLLAR,,USD
MILLENNIUM TTF FI,59156RBD9,METLIFE INC,4.125% 08/13/2042 DD 08/13/12,0.04,8/13/42,"3,000,000.00","2,981,070.00","2,541,540.00","-439,530.00",2.00,NO,"6,187.50","6,187.50",2/29/24,2/29/24,3/6/2024 12:34:41 AM,FINAL,84.72,84.72,T,IDSI,CLOSE,CORPORATE DEBT INSTRUMENTS,FIXED INCOME SECURITIES,INSURANCE,BOND,CORP-GOVT,B,B,MetLife Inc,A-,A-,A-2,A-,A-2,A-,A-2,A-,A3,A3,P-2,A3,P-2,A3,P-2,A3,A3,A3,1,SEMI-ANNUAL,FIXED RATE,MET,D,DAILY,,FINANCIAL,A-,A,A,A,MetLife Inc,F,USD FIXED INCOME,FIXED INCOME,59156RBD9,US59156RBD98,B815P82,U.S. DOLLAR,Corp,USD
MILLENNIUM TTF FI,532457CL0,ELI LILLY & CO,4.700% 02/09/2034 DD 02/09/24,0.05,2/9/34,"5,000,000.00","4,998,400.00","4,938,550.00","-59,850.00",2.00,NO,"14,361.11","14,361.11",2/29/24,2/29/24,3/6/2024 12:34:41 AM,FINAL,98.77,98.77,T,IDSI,CLOSE,CORPORATE DEBT INSTRUMENTS,FIXED INCOME SECURITIES,HEALTH CARE,BOND,CORP-GOVT,B,B,Eli Lilly & Co,A+,A+,A-1,A+,A-1,A+,A-1,A+,A1,A1,P-1,A1,P-1,A1,P-1,NR,A1,A1,1,SEMI-ANNUAL,FIXED RATE,LLY,D,DAILY,,INDUSTRIAL,-,WD,WD,WD,Eli Lilly & Co,F,USD FIXED INCOME,FIXED INCOME,532457CL0,US532457CL03,BRK3JV1,U.S. DOLLAR,Corp,USD
MILLENNIUM TTF FI,713448FR4,PEPSICO INC,4.450% 05/15/2028 DD 02/15/23,0.04,5/15/28,"5,000,000.00","4,993,300.00","4,987,800.00","-5,500.00",2.00,NO,"65,513.89","65,513.89",2/29/24,2/29/24,3/6/2024 12:34:41 AM,FINAL,99.76,99.76,T,IDSI,CLOSE,CORPORATE DEBT INSTRUMENTS,FIXED INCOME SECURITIES,FOOD BEVERAGE & TOBACCO,BOND,CORP-GOVT,B,B,PepsiCo Inc,A+,A+,A-1,A+,A-1,A+,A-1,A+,A1,A1,P-1,A1,P-1,A1,P-1,BAA1,A1,A1,2,SEMI-ANNUAL LONG,FIXED RATE,PEP,D,DAILY,,INDUSTRIAL,-,WD,WD,WD,PepsiCo Inc,F,USD FIXED INCOME,FIXED INCOME,713448FR4,US713448FR44,,U.S. DOLLAR,Corp,USD
MILLENNIUM TTF FI,037833DX5,APPLE INC,0.550% 08/20/2025 DD 08/20/20,0.01,8/20/25,"3,000,000.00","2,992,920.00","2,819,970.00","-172,950.00",2.00,NO,504.17,504.17,2/29/24,2/29/24,3/6/2024 12:34:41 AM,FINAL,94.00,94.00,T,IDSI,CLOSE,CORPORATE DEBT INSTRUMENTS,FIXED INCOME SECURITIES,TECHNOLOGY,BOND,CORP-GOVT,B,B,Apple Inc,AA+,AA+,A-1+,AA+,A-1+,AA+,A-1+,AA+,Aaa,Aaa,P-1,Aaa,P-1,Aaa,P-1,,AA+,AA1,1,SEMI-ANNUAL,FIXED RATE,AAPL,D,DAILY,,INDUSTRIAL,-,,,,Apple Inc,F,USD FIXED INCOME,FIXED INCOME,037833DX5,US037833DX52,BKZ7TH5,U.S. DOLLAR,Corp,USD
MILLENNIUM TTF FI,06406RBM8,BANK OF NEW YORK MELLON CORP/T,VAR RT  10/25/2033 DD 10/25/22,0.06,10/25/33,"5,000,000.00","5,000,000.00","5,189,600.00","189,600.00",2.00,NO,"102,095.00","102,095.00",2/29/24,2/29/24,3/6/2024 12:34:41 AM,FINAL,103.79,103.79,T,IDSI,CLOSE,CORPORATE DEBT INSTRUMENTS,FIXED INCOME SECURITIES,BANKING & FINANCE,BOND,CORP-GOVT,B,B,Bank of New York Mellon Corp/The,A,A,A-1,A,A-1,A,A-1,A,A1,A1,P-1,A1,P-1,A1,P-1,A2,A,A1,1,SEMI-ANNUAL,VARIABLE RATE,BK,D,DAILY,,BANKS,AA-,AA-,AA-,AA-,Bank of New York Mellon Corp/The,V,USD FIXED INCOME,FIXED INCOME,06406RBM8,US06406RBM88,BM9WJ81,U.S. DOLLAR,Corp,USD
MILLENNIUM TTF FI,3130AKV29,FEDERAL HOME LN BK CONS BD,0.650% 08/04/2026 DD 02/04/21,0.01,8/4/26,"10,000,000.00","10,000,000.00","9,070,300.00","-929,700.00",2.00,NO,"4,875.00","4,875.00",2/29/24,2/29/24,3/6/2024 12:34:41 AM,FINAL,90.70,90.70,T,IDSI,CLOSE,U. S. GOVERNMENT SECURITIES,FIXED INCOME SECURITIES,US AGENCIES,BOND,CORP-GOVT,B,B,United States of America,AA+,,,AA+,A-1+,AA+,A-1+,AA+,Aaa,Aaa,P-1,Aaa,,Aaa,,AAA,AA+,AA1,1,SEMI-ANNUAL,FIXED RATE,FHLB,D,DAILY,,FEDERAL AGENCIES,AA+,,AA+,AA+,United States of America,F,USD FIXED INCOME,FIXED INCOME,3130AKV29,US3130AKV291,BKSFFW3,U.S. DOLLAR,Govt,USD
MILLENNIUM TTF FI,3130AMU67,FEDERAL HOME LN BK CONS BD,0.400% 06/28/2024 DD 06/28/21,0.00,6/28/24,"18,000,000.00","18,000,000.00","17,709,480.00","-290,520.00",2.00,NO,"48,600.00","48,600.00",2/29/24,2/29/24,3/6/2024 12:34:41 AM,FINAL,98.39,98.39,T,IDSI,CLOSE,U. S. GOVERNMENT SECURITIES,FIXED INCOME SECURITIES,US AGENCIES,BOND,CORP-GOVT,B,B,United States of America,AA+,,,AA+,A-1+,AA+,A-1+,AA+,Aaa,Aaa,P-1,Aaa,,Aaa,,AAA,AA+,AA1,1,SEMI-ANNUAL,FIXED RATE,FHLB,D,DAILY,,FEDERAL AGENCIES,AA+,,AA+,AA+,United States of America,F,USD FIXED INCOME,FIXED INCOME,3130AMU67,US3130AMU679,BNR4LF7,U.S. DOLLAR,Govt,USD
MILLENNIUM TTF FI,3130AY7M2,FEDERAL HOME LN BK CONS BD,5.000% 12/18/2026 DD 12/20/23,0.05,12/18/26,"10,000,000.00","10,000,000.00","9,959,300.00","-40,700.00",2.00,NO,"98,611.11","98,611.11",2/29/24,2/29/24,3/6/2024 12:34:41 AM,FINAL,99.59,99.59,T,IDSI,CLOSE,U. S. GOVERNMENT SECURITIES,FIXED INCOME SECURITIES,US AGENCIES,BOND,CORP-GOVT,B,B,United States of America,AA+,,,AA+,A-1+,AA+,A-1+,AA+,Aaa,Aaa,P-1,Aaa,,Aaa,,AAA,AA+,AA1,1,SEMI-ANNUAL,FIXED RATE,FHLB,D,DAILY,,FEDERAL AGENCIES,AA+,,AA+,AA+,United States of America,F,USD FIXED INCOME,FIXED INCOME,3130AY7M2,US3130AY7M21,,U.S. DOLLAR,Govt,USD
MILLENNIUM TTF FI,3133EMKZ4,FEDERAL FARM CR BK CONS BD,0.790% 06/21/2027 DD 12/21/20,0.01,6/21/27,"22,000,000.00","21,992,500.00","19,475,720.00","-2,516,780.00",2.00,NO,"112,794.44","112,794.44",2/29/24,2/29/24,3/6/2024 12:34:41 AM,FINAL,88.53,88.53,T,IDSI,CLOSE,U. S. GOVERNMENT SECURITIES,FIXED INCOME SECURITIES,US AGENCIES,BOND,CORP-GOVT,B,B,United States of America,AA+,,,AA+,A-1+,AA+,A-1+,AA+,Aaa,Aaa,P-1,Aaa,,Aaa,,AAA,AA+,AA1,1,SEMI-ANNUAL,FIXED RATE,FFCB,D,DAILY,,FEDERAL AGENCIES,AA+,,AA+,AA+,United States of America,F,USD FIXED INCOME,FIXED INCOME,3133EMKZ4,US3133EMKZ41,BMY0764,U.S. DOLLAR,Govt,USD
MILLENNIUM TTF FI,3133EMMP4,FEDERAL FARM CR BK CONS BD,0.390% 07/14/2025 DD 01/14/21,0.00,7/14/25,"10,000,000.00","10,000,000.00","9,402,600.00","-597,400.00",2.00,NO,"5,091.67","5,091.67",2/29/24,2/29/24,3/6/2024 12:34:41 AM,FINAL,94.03,94.03,T,IDSI,CLOSE,U. S. GOVERNMENT SECURITIES,FIXED INCOME SECURITIES,US AGENCIES,BOND,CORP-GOVT,B,B,United States of America,AA+,,,AA+,A-1+,AA+,A-1+,AA+,Aaa,Aaa,P-1,Aaa,,Aaa,,A1,AA+,AA1,1,SEMI-ANNUAL,FIXED RATE,FFCB,D,DAILY,,FEDERAL AGENCIES,AA+,,AA+,AA+,United States of America,F,USD FIXED INCOME,FIXED INCOME,3133EMMP4,US3133EMMP41,BMY0883,U.S. DOLLAR,Govt,USD
MILLENNIUM TTF FI,3133EMSG8,FEDERAL FARM CR BK CONS BD,1.100% 03/03/2027 DD 03/03/21,0.01,3/3/27,"20,000,000.00","19,978,000.00","18,049,400.00","-1,928,600.00",2.00,NO,"108,777.78","108,777.78",2/29/24,2/29/24,3/6/2024 12:34:41 AM,FINAL,90.25,90.25,T,IDSI,CLOSE,U. S. GOVERNMENT SECURITIES,FIXED INCOME SECURITIES,US AGENCIES,MBS - MORTGAGE BACKED,CORP-GOVT,B,G,United States of America,AA+,,,AA+,A-1+,AA+,A-1+,AA+,Aaa,Aaa,P-1,Aaa,,Aaa,,AAA,AA+,AA1,1,SEMI-ANNUAL,FIXED RATE,FFCB,D,DAILY,,FEDERAL AGENCIES,AA+,,AA+,AA+,United States of America,F,USD FIXED INCOME,FIXED INCOME,3133EMSG8,US3133EMSG87,BLR6T99,U.S. DOLLAR,Govt,USD
MILLENNIUM TTF FI,3133EN4K3,FEDERAL FARM CR BK CONS BD,5.330% 12/20/2027 DD 12/20/22,0.05,12/20/27,"10,000,000.00","10,000,000.00","9,906,900.00","-93,100.00",2.00,NO,"133,250.00","133,250.00",2/29/24,2/29/24,3/6/2024 12:34:41 AM,FINAL,99.07,99.07,T,IDSI,CLOSE,U. S. GOVERNMENT SECURITIES,FIXED INCOME SECURITIES,US AGENCIES,MBS - MORTGAGE BACKED,CORP-GOVT,B,G,United States of America,AA+,,,AA+,A-1+,AA+,A-1+,AA+,Aaa,Aaa,P-1,Aaa,,Aaa,,AAA,AA+,AA1,1,SEMI-ANNUAL,FIXED RATE,FFCB,D,DAILY,,FEDERAL AGENCIES,AA+,,AA+,AA+,United States of America,F,USD FIXED INCOME,FIXED INCOME,3133EN4K3,US3133EN4K33,BMDM5N4,U.S. DOLLAR,Govt,USD
MILLENNIUM TTF FI,3133EPEC5,FEDERAL FARM CR BK CONS BD,5.930% 03/28/2033 DD 03/28/23,0.06,3/28/33,"10,000,000.00","10,000,000.00","9,944,700.00","-55,300.00",2.00,NO,"252,025.00","252,025.00",2/29/24,2/29/24,3/6/2024 12:34:41 AM,FINAL,99.45,99.45,T,IDSI,CLOSE,U. S. GOVERNMENT SECURITIES,FIXED INCOME SECURITIES,US AGENCIES,MBS - MORTGAGE BACKED,CORP-GOVT,B,G,United States of America,AA+,,,AA+,A-1+,AA+,A-1+,AA+,Aaa,Aaa,P-1,Aaa,,Aaa,,AAA,AA+,AA1,1,SEMI-ANNUAL,FIXED RATE,FFCB,D,DAILY,,FEDERAL AGENCIES,AA+,,AA+,AA+,United States of America,F,USD FIXED INCOME,FIXED INCOME,3133EPEC5,US3133EPEC50,,U.S. DOLLAR,Govt,USD
MILLENNIUM TTF FI,3133EPU29,FEDERAL FARM CR BK CONS BD,5.440% 01/09/2029 DD 01/09/24,0.05,1/9/29,"10,000,000.00","10,000,000.00","9,972,900.00","-27,100.00",2.00,NO,"78,577.78","78,577.78",2/29/24,2/29/24,3/6/2024 12:34:41 AM,FINAL,99.73,99.73,T,IDSI,CLOSE,U. S. GOVERNMENT SECURITIES,FIXED INCOME SECURITIES,US AGENCIES,MBS - MORTGAGE BACKED,CORP-GOVT,B,G,United States of America,AA+,,,AA+,A-1+,AA+,A-1+,AA+,Aaa,Aaa,P-1,Aaa,,Aaa,,AAA,AA+,AA1,1,SEMI-ANNUAL,FIXED RATE,FFCB,D,DAILY,,FEDERAL AGENCIES,AA+,,AA+,AA+,United States of America,F,USD FIXED INCOME,FIXED INCOME,3133EPU29,US3133EPU298,,U.S. DOLLAR,Govt,USD
MILLENNIUM TTF FI,3135G0ZR7,FEDERAL NATL MTG ASSN,2.625% 09/06/2024 DD 09/08/14,0.03,9/6/24,"5,000,000.00","4,954,350.00","4,934,650.00","-19,700.00",2.00,NO,"63,802.08","63,802.08",2/29/24,2/29/24,3/6/2024 12:34:41 AM,FINAL,98.69,98.69,T,IDSI,CLOSE,U. S. GOVERNMENT SECURITIES,FIXED INCOME SECURITIES,US AGENCIES,BOND,CORP-GOVT,B,B,United States of America,AA+,,,AA+,A-1+,AA+,A-1+,AA+,Aaa,Aaa,P-1,Aaa,,Aaa,,AAA,AA+,AA1,1,SEMI-ANNUAL,FIXED RATE,FNMA,D,DAILY,,FEDERAL AGENCIES,AA+,AA+,AA+,AA+,United States of America,F,USD FIXED INCOME,FIXED INCOME,3135G0ZR7,US3135G0ZR78,BQR7XN9,U.S. DOLLAR,Govt,USD
MILLENNIUM TTF FI,716973AD4,PFIZER INVESTMENT ENTERPRISES,4.650% 05/19/2030 DD 05/19/23,0.05,5/19/30,"5,000,000.00","4,991,150.00","4,914,900.00","-76,250.00",2.00,NO,"65,229.17","65,229.17",2/29/24,2/29/24,3/6/2024 12:34:41 AM,FINAL,98.30,98.30,T,IDSI,CLOSE,CORPORATE DEBT INSTRUMENTS,FIXED INCOME SECURITIES,HEALTH CARE,BOND,CORP-GOVT,B,B,Pfizer Inc,A,,,A,A-1,A,A-1,A,A2,A2,,A2,P-1,A2,P-1,WR,A2,A2,1,SEMI-ANNUAL,FIXED RATE,PFE,D,DAILY,,INDUSTRIAL,A,,A,A,Pfizer Inc,F,NON-USD FIXED INCOME,FIXED INCOME,716973AD4,US716973AD41,BNRR112,U.S. DOLLAR,Corp,USD
MILLENNIUM TTF FI,808513BR5,CHARLES SCHWAB CORP/THE,1.150% 05/13/2026 DD 05/13/21,0.01,5/13/26,"5,000,000.00","4,988,400.00","4,588,100.00","-400,300.00",2.00,NO,"17,250.00","17,250.00",2/29/24,2/29/24,3/6/2024 12:34:41 AM,FINAL,91.76,91.76,T,IDSI,CLOSE,CORPORATE DEBT INSTRUMENTS,FIXED INCOME SECURITIES,BANKING & FINANCE,BOND,CORP-GOVT,B,B,Charles Schwab Corp/The,A-,A-,A-2,A-,A-2,A-,A-2,A-,A2,A2,P-1,A2,P-1,A2,P-1,A2,A-,A2,1,SEMI-ANNUAL,FIXED RATE,SCHW,D,DAILY,,FINANCIAL,A,A,A,A,Charles Schwab Corp/The,F,USD FIXED INCOME,FIXED INCOME,808513BR5,US808513BR53,BL553Y1,U.S. DOLLAR,Corp,USD
MILLENNIUM TTF FI,911312BL9,UNITED PARCEL SERVICE INC,2.800% 11/15/2024 DD 11/14/17,0.03,11/15/24,"5,000,000.00","4,982,350.00","4,908,900.00","-73,450.00",2.00,NO,"41,222.22","41,222.22",2/29/24,2/29/24,3/6/2024 12:34:41 AM,FINAL,98.18,98.18,T,IDSI,CLOSE,CORPORATE DEBT INSTRUMENTS,FIXED INCOME SECURITIES,TRANSPORTATION,BOND,CORP-GOVT,B,B,United Parcel Service Inc,A,A,A-1,A,A-1,A,A-1,A,A2,A2,P-1,A2,P-1,A2,P-1,BAA3,A2,A2,2,SEMI-ANNUAL LONG,FIXED RATE,UPS,D,DAILY,,INDUSTRIAL,-,,,,United Parcel Service Inc,F,USD FIXED INCOME,FIXED INCOME,911312BL9,US911312BL96,BF18MZ6,U.S. DOLLAR,Corp,USD
MILLENNIUM TTF FI,91282CFM8,U S TREASURY NOTE,4.125% 09/30/2027 DD 09/30/22,0.04,9/30/27,"10,000,000.00","9,996,484.38","9,914,800.00","-81,684.38",1.00,NO,"172,438.52","172,438.52",2/29/24,2/29/24,3/6/2024 12:34:41 AM,FINAL,99.15,99.15,T,IDSI,CLOSE,U. S. GOVERNMENT SECURITIES,FIXED INCOME SECURITIES,US GOVERNMENTS,BOND,CORP-GOVT,B,B,United States of America,AA+,AA+,A-1+,AA+,A-1+,AA+,A-1+,,Aaa,Aaa,,Aaa,,Aaa,,AAA,AA+,AA1,1,SEMI-ANNUAL,FIXED RATE,T,D,DAILY,,US GOVERNMENT NOTES,AA+,AA+,AA+,AA+,United States of America,F,USD FIXED INCOME,FIXED INCOME,91282CFM8,US91282CFM82,BN6ML41,U.S. DOLLAR,Govt,USD
MILLENNIUM TTF FI,91282CGV7,U S TREASURY NOTE,3.750% 04/15/2026 DD 04/15/23,0.04,4/15/26,"10,000,000.00","9,873,437.50","9,826,600.00","-46,837.50",1.00,NO,"141,393.44","141,393.44",2/29/24,2/29/24,3/6/2024 12:34:41 AM,FINAL,98.27,98.27,T,IDSI,CLOSE,U. S. GOVERNMENT SECURITIES,FIXED INCOME SECURITIES,US GOVERNMENTS,BOND,CORP-GOVT,B,B,United States of America,AA+,AA+,A-1+,AA+,A-1+,AA+,A-1+,,Aaa,Aaa,,Aaa,,Aaa,,AAA,AA+,AA1,1,SEMI-ANNUAL,FIXED RATE,T,D,DAILY,,US GOVERNMENT NOTES,AA+,AA+,AA+,AA+,United States of America,F,USD FIXED INCOME,FIXED INCOME,91282CGV7,US91282CGV72,BN6QD47,U.S. DOLLAR,Govt,USD
MILL TETF,,DREYFUS TAX EXEMPT CASH FD 264,1.606% 12/31/2075 DD 04/09/97,0.04,12/31/75,"7,179,588.96","7,178,548.84","7,178,871.00",322.16,1.00,NO,"18,073.33","18,073.33",2/29/24,2/29/24,3/6/2024 12:34:41 AM,FINAL,99.99,99.99,T,IDSI,CLOSE,REGISTERED INVESTMENT COMPANIES,CASH & CASH EQUIVALENTS,SHORT TERM INVESTMENT FUNDS (US REGULATED),BOND,MUT-FUND,A,B,DREYFUS TAX EXEMPT CASH MGMT,-,,,,,,,,-,,,,,,,,-,-,5,MONTHLY,FIXED RATE,,D,DAILY,,SHORT TERM CTFS,-,,,,DREYFUS TAX EXEMPT CASH MGMT,F,MUTUAL FUNDS,CASH & TEMPORARY,999579774,X9X9USDDRFS0,,U.S. DOLLAR,,USD
MILLENNIUM TTF FI,,DREYFUS GOVT CAS MGMT INST 289,VAR RT  12/31/2075 DD 06/03/97,0.05,12/31/75,"94,347,659.14","94,347,659.14","94,347,659.14",0.00,1.00,NO,"467,636.23","467,636.23",2/29/24,2/29/24,3/6/2024 12:34:41 AM,FINAL,100.00,100.00,BV,BOOK VALUE,,REGISTERED INVESTMENT COMPANIES,CASH & CASH EQUIVALENTS,SHORT TERM INVESTMENT FUNDS (US REGULATED),BOND,MUT-FUND,A,B,Bank of New York Mellon Corp/The,-,,,A,A-1,NR,,,-,,,A1,P-1,WR,,,-,-,5,MONTHLY,VARIABLE RATE,,O,NOT APPLICABLE,,SHORT TERM CTFS,-,,AA-,NR,Mellon Financial Corp,V,MUTUAL FUNDS,CASH & TEMPORARY,996086609,,,U.S. DOLLAR,Equity,USD
MILL TTF EQ-DIV,,DREYFUS GOVT CAS MGMT INST 289,VAR RT  12/31/2075 DD 06/03/97,0.05,12/31/75,"1,302,836.07","1,302,836.07","1,302,836.07",0.00,1.00,NO,"5,230.29","5,230.29",2/29/24,2/29/24,3/6/2024 12:34:41 AM,FINAL,100.00,100.00,BV,BOOK VALUE,,REGISTERED INVESTMENT COMPANIES,CASH & CASH EQUIVALENTS,SHORT TERM INVESTMENT FUNDS (US REGULATED),BOND,MUT-FUND,A,B,Bank of New York Mellon Corp/The,-,,,A,A-1,NR,,,-,,,A1,P-1,WR,,,-,-,5,MONTHLY,VARIABLE RATE,,O,NOT APPLICABLE,,SHORT TERM CTFS,-,,AA-,NR,Mellon Financial Corp,V,MUTUAL FUNDS,CASH & TEMPORARY,996086609,,,U.S. DOLLAR,Equity,USD
MILLENNIUM TTF MF,,DREYFUS GOVT CAS MGMT INST 289,VAR RT  12/31/2075 DD 06/03/97,0.05,12/31/75,"60,468,419.98","60,468,419.98","60,468,419.98",0.00,1.00,NO,"265,036.24","265,036.24",2/29/24,2/29/24,3/6/2024 12:34:41 AM,FINAL,100.00,100.00,BV,BOOK VALUE,,REGISTERED INVESTMENT COMPANIES,CASH & CASH EQUIVALENTS,SHORT TERM INVESTMENT FUNDS (US REGULATED),BOND,MUT-FUND,A,B,Bank of New York Mellon Corp/The,-,,,A,A-1,NR,,,-,,,A1,P-1,WR,,,-,-,5,MONTHLY,VARIABLE RATE,,O,NOT APPLICABLE,,SHORT TERM CTFS,-,,AA-,NR,Mellon Financial Corp,V,MUTUAL FUNDS,CASH & TEMPORARY,996086609,,,U.S. DOLLAR,Equity,USD