Reporting Account Name,Cusip,Security Description1,Security Description2,Coupon Rate,Maturity Date,Shares,Base Cost,Base Market Value,Base Unrealized Gain/Loss,Holdings As Of Date,Acctg Status Update (CDT),Price Date,Income Rate Type Desc,Payment Frequency Desc,Issuer Name,Base Issuer Name,Ticker,5500 Category Description,Asset Type Description,Worst Rating,S&P Issue Quality Rating,S&P Base LT Rating,S&P Parent LT Rating,S&P Ultimate LT Rating,S&P Quality Rating - Non GRS,Moody's Issue Quality Rating,Moody's Base LT Rating,Moody's Parent LT Rating,Moody's Ultimate LT Rating,Moody Quality Rating - Non GRS,BNYM Classification - Category,BNYM Classification - Segment,Fair Value Hierarchy Level,Fitch Base LT Rating,Fitch Base ST Rating,Fitch Parent LT Rating,Fitch Parent ST Rating,Fitch Ultimate LT Rating,Fitch Ultimate ST Rating,Frequency Requirement,Frequency Requirement Desc,Income Rate Type,Issue Type Description,Payment Frequency,Price Source,Price Source Description,Price Type Description,Security Type,Security Type Description
MILL TETF,,DREYFUS TAX EXEMPT CASH FD 264,1.606% 12/31/2075 DD 04/09/97,0.04,12/31/75,"7,362,730.96","7,361,655.45","7,361,258.41",-397.04,10/31/23,10/31/2023 10:33:21 PM,10/31/23,FIXED RATE,MONTHLY,DREYFUS TAX EXEMPT CASH MGMT,DREYFUS TAX EXEMPT CASH MGMT,,REGISTERED INVESTMENT COMPANIES,SHORT TERM INVESTMENT FUNDS (US REGULATED),-,-,,,,,-,,,,,,,1.00,,,,,,,D,DAILY,F,MUT-FUND,5,T,IDSI,CLOSE,B,BOND
MILL TTF EQ-DIV,921946406,VANGUARD HIGH DVD YIELD ETF,,0.00,,"36,370.00","3,999,943.54","3,653,366.50","-346,577.04",10/31/23,10/31/2023 10:33:21 PM,10/31/23,,INTEREST AT MAT OR NO INTEREST,Vanguard Group Inc/The,Vanguard High Dividend Yield ETF,VYM,REGISTERED INVESTMENT COMPANIES,US EQUITY INDEX ETF (US REGULATED),,,,,,,,,,,,,,1.00,,,,,,,D,DAILY,,COMMON,0,T,IDSI,CLOSE,S,
MILL TTF EQ-DIV,92942W107,WK KELLOGG CO,,0.00,,"6,936.00","99,926.73","69,498.72","-30,428.01",10/31/23,10/31/2023 10:33:21 PM,10/31/23,,INTEREST AT MAT OR NO INTEREST,WK Kellogg Co,WK Kellogg Co,KLG,CORPORATE STOCK - COMMON,FOOD PROCESSING,,,,,,,,,,,,,,1.00,,,,,,,D,DAILY,,COMMON,0,T,IDSI,CLOSE,S,
MILL TTF EQ-DIV,487836108,KELLANOVA,,0.00,,"25,527.00","1,484,391.71","1,288,347.69","-196,044.02",10/31/23,10/31/2023 10:33:21 PM,10/31/23,,INTEREST AT MAT OR NO INTEREST,Kellanova,Kellanova,K,CORPORATE STOCK - COMMON,FOOD PROCESSING,,,BBB,BBB,BBB,NR,,Baa2,Baa2,Baa2,P-3,,,1.00,BBB,F2,BBB,F2,BBB,F2,D,DAILY,,COMMON,0,T,IDSI,CLOSE,S,
MILL TTF EQ-DIV,539830109,LOCKHEED MARTIN CORP,,0.00,,"23,995.00","2,903,168.50","10,909,086.80","8,005,918.30",10/31/23,10/31/2023 10:33:21 PM,10/31/23,,INTEREST AT MAT OR NO INTEREST,Lockheed Martin Corp,Lockheed Martin Corp,LMT,CORPORATE STOCK - COMMON,AEROSPACE/DEFENSE,,,A-,A-,A-,NR,,A2,A2,A2,,,,1.00,A-,F1,A-,F1,A-,F1,D,DAILY,,COMMON,0,T,IDSI,CLOSE,S,
MILL TTF EQ-DIV,871829107,SYSCO CORP,,0.00,,"23,995.00","843,299.07","1,595,427.55","752,128.48",10/31/23,10/31/2023 10:33:21 PM,10/31/23,,INTEREST AT MAT OR NO INTEREST,Sysco Corp,Sysco Corp,SYY,CORPORATE STOCK - COMMON,FOOD PROCESSING,,,BBB,BBB,BBB,NR,,Baa1,Baa1,Baa1,P-3,,,1.00,BBB,F2,BBB,F2,BBB,F2,D,DAILY,,COMMON,0,T,IDSI,CLOSE,S,
MILL TTF EQ-DIV,025537101,AMERICAN ELECTRIC POWER CO INC,,0.00,,"23,995.00","1,154,896.36","1,812,582.30","657,685.94",10/31/23,10/31/2023 10:33:21 PM,10/31/23,,INTEREST AT MAT OR NO INTEREST,American Electric Power Co Inc,American Electric Power Co Inc,AEP,CORPORATE STOCK - COMMON,ELECTRIC,,,A-,A-,A-,NR,,Baa2,Baa2,Baa2,P-3,,,1.00,BBB,WD,BBB,WD,BBB,WD,D,DAILY,,COMMON,0,T,IDSI,CLOSE,S,
MILL TTF EQ-DIV,166764100,CHEVRON CORP,,0.00,,"23,995.00","2,560,383.39","3,496,791.35","936,407.96",10/31/23,10/31/2023 10:33:21 PM,10/31/23,,INTEREST AT MAT OR NO INTEREST,Chevron Corp,Chevron Corp,CVX,CORPORATE STOCK - COMMON,OIL & GAS,,,AA-,AA-,AA-,NR,,Aa2,Aa2,Aa2,,,,1.00,WD,WD,WD,WD,WD,WD,D,DAILY,,COMMON,0,T,IDSI,CLOSE,S,
MILL TTF EQ-DIV,194162103,COLGATE-PALMOLIVE CO,,0.00,,"48,932.00","2,676,647.14","3,675,771.84","999,124.70",10/31/23,10/31/2023 10:33:21 PM,10/31/23,,INTEREST AT MAT OR NO INTEREST,Colgate-Palmolive Co,Colgate-Palmolive Co,CL,CORPORATE STOCK - COMMON,COSMETICS/PERSONAL CARE,,,AA-,AA-,AA-,NR,,Aa3,Aa3,Aa3,,,,1.00,WD,WD,WD,WD,WD,WD,D,DAILY,,COMMON,0,T,IDSI,CLOSE,S,
MILL TTF EQ-DIV,20825C104,CONOCOPHILLIPS,,0.00,,"23,995.00","1,280,978.23","2,850,606.00","1,569,627.77",10/31/23,10/31/2023 10:33:21 PM,10/31/23,,INTEREST AT MAT OR NO INTEREST,ConocoPhillips,ConocoPhillips,COP,CORPORATE STOCK - COMMON,OIL & GAS,,,A-,A-,A-,NR,,A2,A2,A2,NR,,,1.00,A,WD,A,WD,A,WD,D,DAILY,,COMMON,0,T,IDSI,CLOSE,S,
MILL TTF EQ-DIV,233331107,DTE ENERGY CO,,0.00,,"23,995.00","1,355,187.96","2,312,638.10","957,450.14",10/31/23,10/31/2023 10:33:21 PM,10/31/23,,INTEREST AT MAT OR NO INTEREST,DTE Energy Co,DTE Energy Co,DTE,CORPORATE STOCK - COMMON,ELECTRIC,,,BBB+,BBB+,BBB+,NR,,Baa2,Baa2,Baa2,,,,1.00,BBB,F2,BBB,F2,BBB,F2,D,DAILY,,COMMON,0,T,IDSI,CLOSE,S,
MILL TTF EQ-DIV,437076102,HOME DEPOT INC/THE,,0.00,,"23,995.00","1,856,064.25","6,831,136.55","4,975,072.30",10/31/23,10/31/2023 10:33:21 PM,10/31/23,,INTEREST AT MAT OR NO INTEREST,Home Depot Inc/The,Home Depot Inc/The,HD,CORPORATE STOCK - COMMON,RETAIL,,,A,A,A,NR,,A2,A2,A2,P-3,,,1.00,A,F1,A,F1,A,F1,D,DAILY,,COMMON,0,T,IDSI,CLOSE,S,
MILL TTF EQ-DIV,58933Y105,MERCK & CO INC,,0.00,,"23,995.00","1,022,896.06","2,464,286.50","1,441,390.44",10/31/23,10/31/2023 10:33:21 PM,10/31/23,,INTEREST AT MAT OR NO INTEREST,Merck & Co Inc,Merck & Co Inc,MRK,CORPORATE STOCK - COMMON,PHARMACEUTICALS,,,A+,A+,A+,NR,,A1,A1,A1,,,,1.00,WD,WD,WD,WD,WD,WD,D,DAILY,,COMMON,0,T,IDSI,CLOSE,S,
MILL TTF EQ-DIV,713448108,PEPSICO INC,,0.00,,"23,995.00","1,929,304.42","3,917,903.60","1,988,599.18",10/31/23,10/31/2023 10:33:21 PM,10/31/23,,INTEREST AT MAT OR NO INTEREST,PepsiCo Inc,PepsiCo Inc,PEP,CORPORATE STOCK - COMMON,BEVERAGES,,,A+,A+,A+,NR,,A1,A1,A1,P-3,,,1.00,WD,WD,WD,WD,WD,WD,D,DAILY,,COMMON,0,T,IDSI,CLOSE,S,
MILL TTF EQ-DIV,718546104,PHILLIPS 66,,0.00,,"23,995.00","1,550,600.29","2,737,109.65","1,186,509.36",10/31/23,10/31/2023 10:33:21 PM,10/31/23,,INTEREST AT MAT OR NO INTEREST,Phillips 66,Phillips 66,PSX,CORPORATE STOCK - COMMON,OIL & GAS,,,BBB+,BBB+,BBB+,NR,,A3,A3,A3,,,,1.00,,,,,,,D,DAILY,,COMMON,0,T,IDSI,CLOSE,S,
MILL TTF EQ-DIV,191216100,COCA-COLA CO/THE,,0.00,,"32,999.00","1,265,704.82","1,864,113.51","598,408.69",10/31/23,10/31/2023 10:33:21 PM,10/31/23,,INTEREST AT MAT OR NO INTEREST,Coca-Cola Co/The,Coca-Cola Co/The,KO,CORPORATE STOCK - COMMON,BEVERAGES,,,A+,A+,A+,NR,,A1,A1,A1,P-3,,,1.00,A,F1,A,F1,A,F1,D,DAILY,,COMMON,0,T,IDSI,CLOSE,S,
MILL TTF EQ-DIV,478160104,JOHNSON & JOHNSON,,0.00,,"23,995.00","1,977,490.40","3,559,418.30","1,581,927.90",10/31/23,10/31/2023 10:33:21 PM,10/31/23,,INTEREST AT MAT OR NO INTEREST,Johnson & Johnson,Johnson & Johnson,JNJ,CORPORATE STOCK - COMMON,PHARMACEUTICALS,,,AAA,AAA,AAA,NR,,Aaa,Aaa,Aaa,P-3,,,1.00,WD,WD,WD,WD,WD,WD,D,DAILY,,COMMON,0,T,IDSI,CLOSE,S,
MILL TTF EQ-DIV,494368103,KIMBERLY-CLARK CORP,,0.00,,"23,995.00","2,206,397.78","2,870,761.80","664,364.02",10/31/23,10/31/2023 10:33:21 PM,10/31/23,,INTEREST AT MAT OR NO INTEREST,Kimberly-Clark Corp,Kimberly-Clark Corp,KMB,CORPORATE STOCK - COMMON,HOUSEHOLD PRODUCTS/WARES,,,A,A,A,NR,,A2,A2,A2,,,,1.00,WD,WD,WD,WD,WD,WD,D,DAILY,,COMMON,0,T,IDSI,CLOSE,S,
MILL TTF EQ-DIV,88579Y101,3M CO,,0.00,,"25,527.00","2,905,831.18","2,321,680.65","-584,150.53",10/31/23,10/31/2023 10:33:21 PM,10/31/23,,INTEREST AT MAT OR NO INTEREST,3M Co,3M Co,MMM,CORPORATE STOCK - COMMON,MISC MANUFACTURER,,,BBB+,BBB+,BBB+,NR,,A2,A2,A2,,,,1.00,,,,,,,D,DAILY,,COMMON,0,T,IDSI,CLOSE,S,
MILL TTF EQ-DIV,30231G102,EXXON MOBIL CORP,,0.00,,"23,995.00","2,042,294.16","2,539,870.75","497,576.59",10/31/23,10/31/2023 10:33:21 PM,10/31/23,,INTEREST AT MAT OR NO INTEREST,Exxon Mobil Corp,Exxon Mobil Corp,XOM,CORPORATE STOCK - COMMON,OIL & GAS,,,AA-,AA-,AA-,NR,,Aa2,Aa2,Aa2,,,,1.00,WD,WD,WD,WD,WD,WD,D,DAILY,,COMMON,0,T,IDSI,CLOSE,S,
MILL TTF EQ-DIV,532457108,ELI LILLY & CO,,0.00,,"23,995.00","1,318,542.85","13,291,550.35","11,973,007.50",10/31/23,10/31/2023 10:33:21 PM,10/31/23,,INTEREST AT MAT OR NO INTEREST,Eli Lilly & Co,Eli Lilly & Co,LLY,CORPORATE STOCK - COMMON,PHARMACEUTICALS,,,A+,A+,A+,NR,,A1,A1,A1,,,,1.00,WD,WD,WD,WD,WD,WD,D,DAILY,,COMMON,0,T,IDSI,CLOSE,S,
MILL TTF EQ-DIV,742718109,PROCTER & GAMBLE CO/THE,,0.00,,"23,995.00","1,765,337.68","3,599,969.85","1,834,632.17",10/31/23,10/31/2023 10:33:21 PM,10/31/23,,INTEREST AT MAT OR NO INTEREST,Procter & Gamble Co/The,Procter & Gamble Co/The,PG,CORPORATE STOCK - COMMON,COSMETICS/PERSONAL CARE,,,AA-,AA-,AA-,NR,,Aa3,Aa3,Aa3,P-3,,,1.00,,NR,,NR,,NR,D,DAILY,,COMMON,0,T,IDSI,CLOSE,S,
MILL TTF EQ-DIV,205887102,CONAGRA BRANDS INC,,0.00,,"23,995.00","628,983.19","656,503.20","27,520.01",10/31/23,10/31/2023 10:33:21 PM,10/31/23,,INTEREST AT MAT OR NO INTEREST,Conagra Brands Inc,Conagra Brands Inc,CAG,CORPORATE STOCK - COMMON,FOOD PROCESSING,,,BBB-,BBB-,BBB-,NR,,Baa3,Baa3,Baa3,,,,1.00,BBB-,F3,BBB-,F3,BBB-,F3,D,DAILY,,COMMON,0,T,IDSI,CLOSE,S,
MILL TTF EQ-DIV,717081103,PFIZER INC,,0.00,,"23,995.00","605,661.52","733,287.20","127,625.68",10/31/23,10/31/2023 10:33:21 PM,10/31/23,,INTEREST AT MAT OR NO INTEREST,Pfizer Inc,Pfizer Inc,PFE,CORPORATE STOCK - COMMON,PHARMACEUTICALS,,,A+,A+,A+,NR,,A1,A1,A1,P-3,,,1.00,A,F1,A,F1,A,F1,D,DAILY,,COMMON,0,T,IDSI,CLOSE,S,
MILL TTF EQ-DIV,89417E109,TRAVELERS COS INC/THE,,0.00,,"23,995.00","1,966,862.79","4,017,722.80","2,050,860.01",10/31/23,10/31/2023 10:33:21 PM,10/31/23,,INTEREST AT MAT OR NO INTEREST,Travelers Cos Inc/The,Travelers Cos Inc/The,TRV,CORPORATE STOCK - COMMON,INSURANCE,,,A,A,A,NR,,A2,A2,A2,,,,1.00,A+,NR,A+,NR,A+,NR,D,DAILY,,COMMON,0,T,IDSI,CLOSE,S,
MILL TTF EQ-DIV,110122108,BRISTOL-MYERS SQUIBB CO,,0.00,,"23,995.00","1,032,297.40","1,236,462.35","204,164.95",10/31/23,10/31/2023 10:33:21 PM,10/31/23,,INTEREST AT MAT OR NO INTEREST,Bristol-Myers Squibb Co,Bristol-Myers Squibb Co,BMY,CORPORATE STOCK - COMMON,PHARMACEUTICALS,,,A+,A+,A+,NR,,A2,A2,A2,,,,1.00,WD,WD,WD,WD,WD,WD,D,DAILY,,COMMON,0,T,IDSI,CLOSE,S,
MILL TTF EQ-DIV,842587107,SOUTHERN CO/THE,,0.00,,"23,995.00","1,075,052.40","1,614,863.50","539,811.10",10/31/23,10/31/2023 10:33:21 PM,10/31/23,,INTEREST AT MAT OR NO INTEREST,Southern Co/The,Southern Co/The,SO,CORPORATE STOCK - COMMON,ELECTRIC,,,BBB+,BBB+,BBB+,NR,,Baa2,Baa2,Baa2,P-3,,,1.00,BBB+,F2,BBB+,F2,BBB+,F2,D,DAILY,,COMMON,0,T,IDSI,CLOSE,S,
MILL TTF EQ-DIV,189054109,CLOROX CO/THE,,0.00,,"23,995.00","2,132,328.84","2,824,211.50","691,882.66",10/31/23,10/31/2023 10:33:21 PM,10/31/23,,INTEREST AT MAT OR NO INTEREST,Clorox Co/The,Clorox Co/The,CLX,CORPORATE STOCK - COMMON,HOUSEHOLD PRODUCTS/WARES,,,BBB+,BBB+,BBB+,NR,,Baa1,Baa1,Baa1,P-3,,,1.00,WD,WD,WD,WD,WD,WD,D,DAILY,,COMMON,0,T,IDSI,CLOSE,S,
MILL TTF EQ-DIV,370334104,GENERAL MILLS INC,,0.00,,"23,995.00","1,138,450.55","1,565,433.80","426,983.25",10/31/23,10/31/2023 10:33:21 PM,10/31/23,,INTEREST AT MAT OR NO INTEREST,General Mills Inc,General Mills Inc,GIS,CORPORATE STOCK - COMMON,FOOD PROCESSING,,,BBB,BBB,BBB,NR,,Baa2,Baa2,Baa2,P-3,,,1.00,WD,WD,WD,WD,WD,WD,D,DAILY,,COMMON,0,T,IDSI,CLOSE,S,
MILL TTF EQ-DIV,580135101,MCDONALD'S CORP,,0.00,,"23,995.00","2,442,878.78","6,290,769.15","3,847,890.37",10/31/23,10/31/2023 10:33:21 PM,10/31/23,,INTEREST AT MAT OR NO INTEREST,McDonald's Corp,McDonald's Corp,MCD,CORPORATE STOCK - COMMON,RETAIL,,,BBB+,BBB+,BBB+,NR,,Baa1,Baa1,Baa1,,,,1.00,WD,NR,WD,NR,WD,NR,D,DAILY,,COMMON,0,T,IDSI,CLOSE,S,
MILL TTF EQ-DIV,744573106,PUBLIC SERVICE ENTERPRISE GROU,,0.00,,"23,995.00","861,510.16","1,479,291.75","617,781.59",10/31/23,10/31/2023 10:33:21 PM,10/31/23,,INTEREST AT MAT OR NO INTEREST,Public Service Enterprise Group Inc,Public Service Enterprise Group Inc,PEG,CORPORATE STOCK - COMMON,ELECTRIC,,,BBB+,BBB+,BBB+,NR,,Baa2,Baa2,Baa2,P-3,,,1.00,WD,WD,WD,WD,WD,WD,D,DAILY,,COMMON,0,T,IDSI,CLOSE,S,
MILL TTF EQ-DIV,98389B100,XCEL ENERGY INC,,0.00,,"23,995.00","724,274.82","1,422,183.65","697,908.83",10/31/23,10/31/2023 10:33:21 PM,10/31/23,,INTEREST AT MAT OR NO INTEREST,Xcel Energy Inc,Xcel Energy Inc,XEL,CORPORATE STOCK - COMMON,ELECTRIC,,,A-,A-,A-,NR,,Baa1,Baa1,Baa1,,,,1.00,BBB+,F2,BBB+,F2,BBB+,F2,D,DAILY,,COMMON,0,T,IDSI,CLOSE,S,
MILL TTF EQ-DIV,,DREYFUS GOVT CAS MGMT INST 289,VAR RT  12/31/2075 DD 06/03/97,0.05,12/31/75,"79,560,330.66","79,560,330.66","79,560,330.66",0.00,10/31/23,10/31/2023 10:33:21 PM,10/31/23,VARIABLE RATE,MONTHLY,Bank of New York Mellon Corp/The,Dreyfus Government Cash Management Funds,,REGISTERED INVESTMENT COMPANIES,SHORT TERM INVESTMENT FUNDS (US REGULATED),-,-,,NR,A,,-,,WR,A1,,,,1.00,,,NR,NR,AA-,F1+,O,NOT APPLICABLE,V,MUT-FUND,5,BV,BOOK VALUE,,B,BOND
MILL TTF EQ-DIV,594918104,MICROSOFT CORP,,0.00,,"23,995.00","815,783.26","8,112,949.45","7,297,166.19",10/31/23,10/31/2023 10:33:21 PM,10/31/23,,INTEREST AT MAT OR NO INTEREST,Microsoft Corp,Microsoft Corp,MSFT,CORPORATE STOCK - COMMON,SOFTWARE,,,AAA,AAA,AAA,NR,,Aaa,Aaa,Aaa,P-3,,,1.00,WD,WD,WD,WD,WD,WD,D,DAILY,,COMMON,0,T,IDSI,CLOSE,S,
MILL TTF EQ-DIV,314211103,FEDERATED HERMES INC,,0.00,,"23,995.00","618,580.01","760,641.50","142,061.49",10/31/23,10/31/2023 10:33:21 PM,10/31/23,,INTEREST AT MAT OR NO INTEREST,Federated Hermes Inc,Federated Hermes Inc,FHI,CORPORATE STOCK - COMMON,DIVERSIFIED FINANCIAL SERVICES,,,,,,NR,,,,,,,,1.00,,,,,,,D,DAILY,,COMMON,0,T,IDSI,CLOSE,S,
MILL TTF EQ-DIV,458140100,INTEL CORP,,0.00,,"23,995.00","587,265.30","875,817.50","288,552.20",10/31/23,10/31/2023 10:33:21 PM,10/31/23,,INTEREST AT MAT OR NO INTEREST,Intel Corp,Intel Corp,INTC,CORPORATE STOCK - COMMON,SEMICONDUCTORS,,,A,A,A,NR,,A2,A2,A2,P-3,,,1.00,A-,F2,A-,F2,A-,F2,D,DAILY,,COMMON,0,T,IDSI,CLOSE,S,
MILLENNIUM TTF FI,037833DX5,APPLE INC,0.550% 08/20/2025 DD 08/20/20,0.01,8/20/25,"3,000,000.00","2,992,920.00","2,761,050.00","-231,870.00",10/31/23,10/31/2023 10:33:21 PM,10/31/23,FIXED RATE,SEMI-ANNUAL,Apple Inc,Apple Inc,AAPL,CORPORATE DEBT INSTRUMENTS,TECHNOLOGY,AA+,AA+,AA+,AA+,AA+,AA+,Aaa,Aaa,Aaa,Aaa,,,,2.00,,,,,,,D,DAILY,F,CORP-GOVT,1,T,IDSI,CLOSE,B,BOND
MILLENNIUM TTF FI,06406RBM8,BANK OF NEW YORK MELLON CORP/T,VAR RT  10/25/2033 DD 10/25/22,0.06,10/25/33,"5,000,000.00","5,000,000.00","4,799,500.00","-200,500.00",10/31/23,10/31/2023 10:33:21 PM,10/31/23,VARIABLE RATE,SEMI-ANNUAL,Bank of New York Mellon Corp/The,Bank of New York Mellon Corp/The,BK,CORPORATE DEBT INSTRUMENTS,BANKING & FINANCE,A,A,A,A,A,A,A1,A1,A1,A1,A2,,,2.00,AA-,F1+,AA-,F1+,AA-,F1+,D,DAILY,V,CORP-GOVT,1,T,IDSI,CLOSE,B,BOND
MILLENNIUM TTF FI,3133EME40,FEDERAL FARM CR BK CONS BD,0.330% 06/03/2024 DD 06/03/21,0.00,6/3/24,"14,000,000.00","13,994,400.00","13,575,940.00","-418,460.00",10/31/23,10/31/2023 10:33:21 PM,10/31/23,FIXED RATE,SEMI-ANNUAL,United States of America,Federal Farm Credit Banks Funding Corp,FFCB,U. S. GOVERNMENT SECURITIES,US AGENCIES,AA+,AA+,,AA+,AA+,AA+,Aaa,Aaa,Aaa,Aaa,AAA,,,2.00,,F1+,AA+,F1+,AA+,F1+,D,DAILY,F,CORP-GOVT,1,T,IDSI,CLOSE,G,MBS - MORTGAGE BACKED
MILLENNIUM TTF FI,3133EMMP4,FEDERAL FARM CR BK CONS BD,0.390% 07/14/2025 DD 01/14/21,0.00,7/14/25,"10,000,000.00","10,000,000.00","9,204,600.00","-795,400.00",10/31/23,10/31/2023 10:33:21 PM,10/31/23,FIXED RATE,SEMI-ANNUAL,United States of America,Federal Farm Credit Banks Funding Corp,FFCB,U. S. GOVERNMENT SECURITIES,US AGENCIES,AA+,AA+,,AA+,AA+,AA+,Aaa,Aaa,Aaa,Aaa,AA3,,,2.00,,F1+,AA+,F1+,AA+,F1+,D,DAILY,F,CORP-GOVT,1,T,IDSI,CLOSE,B,BOND
MILLENNIUM TTF FI,3133ENWU0,FEDERAL FARM CR BK CONS BD,4.300% 05/17/2032 DD 05/17/22,0.04,5/17/32,"5,000,000.00","5,000,000.00","4,516,600.00","-483,400.00",10/31/23,10/31/2023 10:33:21 PM,10/31/23,FIXED RATE,SEMI-ANNUAL,United States of America,Federal Farm Credit Banks Funding Corp,FFCB,U. S. GOVERNMENT SECURITIES,US AGENCIES,AA+,AA+,,AA+,AA+,AA+,Aaa,Aaa,Aaa,Aaa,NR,,,2.00,,F1+,AA+,F1+,AA+,F1+,D,DAILY,F,CORP-GOVT,1,T,IDSI,CLOSE,G,MBS - MORTGAGE BACKED
MILLENNIUM TTF FI,3133EPEC5,FEDERAL FARM CR BK CONS BD,5.930% 03/28/2033 DD 03/28/23,0.06,3/28/33,"10,000,000.00","10,000,000.00","9,697,800.00","-302,200.00",10/31/23,10/31/2023 10:33:21 PM,10/31/23,FIXED RATE,SEMI-ANNUAL,United States of America,Federal Farm Credit Banks Funding Corp,FFCB,U. S. GOVERNMENT SECURITIES,US AGENCIES,AA+,AA+,,AA+,AA+,AA+,Aaa,Aaa,Aaa,Aaa,NR,,,2.00,,F1+,AA+,F1+,AA+,F1+,D,DAILY,F,CORP-GOVT,1,T,IDSI,CLOSE,G,MBS - MORTGAGE BACKED
MILLENNIUM TTF FI,3134GXCS1,FEDERAL HOME LN MTG CORP,0.625% 11/25/2025 DD 11/25/20,0.01,11/25/25,"15,000,000.00","15,000,000.00","13,670,700.00","-1,329,300.00",10/31/23,10/31/2023 10:33:21 PM,10/31/23,FIXED RATE,SEMI-ANNUAL,United States of America,Federal Home Loan Mortgage Corp,FHLMC,U. S. GOVERNMENT SECURITIES,US AGENCIES,AA+,AA+,NR,,AA+,,Aaa,Aaa,,Aaa,,,,2.00,AA+,F1+,,,AA+,F1+,D,DAILY,F,CORP-GOVT,1,T,IDSI,CLOSE,B,BOND
MILLENNIUM TTF FI,437076CS9,HOME DEPOT INC/THE,4.500% 09/15/2032 DD 09/19/22,0.05,9/15/32,"1,500,000.00","1,498,215.00","1,379,475.00","-118,740.00",10/31/23,10/31/2023 10:33:21 PM,10/31/23,FIXED RATE,SEMI-ANNUAL,Home Depot Inc/The,Home Depot Inc/The,HD,CORPORATE DEBT INSTRUMENTS,RETAIL,A2,A,A,A,A,A,A2,A2,A2,A2,A2,,,2.00,A,F1,A,F1,A,F1,D,DAILY,F,CORP-GOVT,1,T,IDSI,CLOSE,B,BOND
MILLENNIUM TTF FI,808513BS3,CHARLES SCHWAB CORP/THE,2.300% 05/13/2031 DD 05/13/21,0.02,5/13/31,"5,000,000.00","4,990,250.00","3,742,950.00","-1,247,300.00",10/31/23,10/31/2023 10:33:21 PM,10/31/23,FIXED RATE,SEMI-ANNUAL,Charles Schwab Corp/The,Charles Schwab Corp/The,SCHW,CORPORATE DEBT INSTRUMENTS,BANKING & FINANCE,A-,A-,A-,A-,A-,A-,A2,A2,A2,A2,A2,,,2.00,A,F1,A,F1,A,F1,D,DAILY,F,CORP-GOVT,1,T,IDSI,CLOSE,B,BOND
MILLENNIUM TTF FI,907818GB8,UNION PACIFIC CORP,4.500% 01/20/2033 DD 09/09/22,0.05,1/20/33,"5,000,000.00","4,983,050.00","4,536,950.00","-446,100.00",10/31/23,10/31/2023 10:33:21 PM,10/31/23,FIXED RATE,SEMI-ANNUAL,Union Pacific Corp,Union Pacific Corp,UNP,CORPORATE DEBT INSTRUMENTS,TRANSPORTATION,A3,A-,A-,A-,A-,A-,A3,A3,A3,A3,A1,,,2.00,A-,F1,A-,F1,A-,F1,D,DAILY,F,CORP-GOVT,1,T,IDSI,CLOSE,B,BOND
MILLENNIUM TTF FI,91282CGV7,U S TREASURY NOTE,3.750% 04/15/2026 DD 04/15/23,0.04,4/15/26,"10,000,000.00","9,873,437.50","9,719,100.00","-154,337.50",10/31/23,10/31/2023 10:33:21 PM,10/31/23,FIXED RATE,SEMI-ANNUAL,United States of America,United States Treasury Note/Bond,T,U. S. GOVERNMENT SECURITIES,US GOVERNMENTS,AA+,AA+,AA+,AA+,AA+,,Aaa,Aaa,Aaa,Aaa,,,,1.00,AA+,F1+,AA+,F1+,AA+,F1+,D,DAILY,F,CORP-GOVT,1,T,IDSI,CLOSE,B,BOND
MILLENNIUM TTF FI,023135BZ8,AMAZON.COM INC,2.100% 05/12/2031 DD 05/12/21,0.02,5/12/31,"5,000,000.00","4,999,100.00","3,949,250.00","-1,049,850.00",10/31/23,10/31/2023 10:33:21 PM,10/31/23,FIXED RATE,SEMI-ANNUAL,Amazon.com Inc,Amazon.com Inc,AMZN,CORPORATE DEBT INSTRUMENTS,COMMUNICATIONS,A1,AA,AA,AA,AA,AA,A1,A1,A1,A1,AAA,,,2.00,AA-,F1+,AA-,F1+,AA-,F1+,D,DAILY,F,CORP-GOVT,1,T,IDSI,CLOSE,B,BOND
MILLENNIUM TTF FI,3130AMK92,FEDERAL HOME LN BK CONS BD,0.550% 11/26/2024 DD 05/26/21,0.01,11/26/24,"3,000,000.00","3,000,000.00","2,845,290.00","-154,710.00",10/31/23,10/31/2023 10:33:21 PM,10/31/23,FIXED RATE,SEMI-ANNUAL,United States of America,Federal Home Loan Banks,FHLB,U. S. GOVERNMENT SECURITIES,US AGENCIES,AA+,AA+,,AA+,AA+,AA+,Aaa,Aaa,Aaa,Aaa,AAA,,,2.00,,,AA+,F1+,AA+,F1+,D,DAILY,F,CORP-GOVT,1,T,IDSI,CLOSE,B,BOND
MILLENNIUM TTF FI,3133ELCK8,FEDERAL FARM CR BK CONS BD,2.580% 12/04/2034 DD 12/04/19,0.03,12/4/34,"10,000,000.00","10,000,000.00","7,558,700.00","-2,441,300.00",10/31/23,10/31/2023 10:33:21 PM,10/31/23,FIXED RATE,SEMI-ANNUAL,United States of America,Federal Farm Credit Banks Funding Corp,FFCB,U. S. GOVERNMENT SECURITIES,US AGENCIES,AA+,AA+,,AA+,AA+,AA+,Aaa,Aaa,Aaa,Aaa,A2,,,2.00,,F1+,AA+,F1+,AA+,F1+,D,DAILY,F,CORP-GOVT,1,T,IDSI,CLOSE,B,BOND
MILLENNIUM TTF FI,3133ENGD6,FEDERAL FARM CR BK CONS BD,1.780% 12/06/2028 DD 12/06/21,0.02,12/6/28,"6,450,000.00","6,448,387.50","5,455,023.00","-993,364.50",10/31/23,10/31/2023 10:33:21 PM,10/31/23,FIXED RATE,SEMI-ANNUAL,United States of America,Federal Farm Credit Banks Funding Corp,FFCB,U. S. GOVERNMENT SECURITIES,US AGENCIES,AA+,AA+,,AA+,AA+,AA+,Aaa,Aaa,Aaa,Aaa,AAA,,,2.00,,F1+,AA+,F1+,AA+,F1+,D,DAILY,F,CORP-GOVT,1,T,IDSI,CLOSE,G,MBS - MORTGAGE BACKED
MILLENNIUM TTF FI,3133EN4K3,FEDERAL FARM CR BK CONS BD,5.330% 12/20/2027 DD 12/20/22,0.05,12/20/27,"10,000,000.00","10,000,000.00","9,803,700.00","-196,300.00",10/31/23,10/31/2023 10:33:21 PM,10/31/23,FIXED RATE,SEMI-ANNUAL,United States of America,Federal Farm Credit Banks Funding Corp,FFCB,U. S. GOVERNMENT SECURITIES,US AGENCIES,AA+,AA+,,AA+,AA+,AA+,Aaa,Aaa,Aaa,Aaa,NR,,,2.00,,F1+,AA+,F1+,AA+,F1+,D,DAILY,F,CORP-GOVT,1,T,IDSI,CLOSE,G,MBS - MORTGAGE BACKED
MILLENNIUM TTF FI,3133ENZD5,FEDERAL FARM CR BK CONS BD,4.470% 06/22/2028 DD 06/22/22,0.04,6/22/28,"10,000,000.00","10,000,000.00","9,563,700.00","-436,300.00",10/31/23,10/31/2023 10:33:21 PM,10/31/23,FIXED RATE,SEMI-ANNUAL,United States of America,Federal Farm Credit Banks Funding Corp,FFCB,U. S. GOVERNMENT SECURITIES,US AGENCIES,AA+,AA+,,AA+,AA+,AA+,Aaa,Aaa,Aaa,Aaa,,,,2.00,,F1+,AA+,F1+,AA+,F1+,D,DAILY,F,CORP-GOVT,1,T,IDSI,CLOSE,G,MBS - MORTGAGE BACKED
MILLENNIUM TTF FI,3133EPAT2,FEDERAL FARM CR BK CONS BD,5.600% 02/14/2030 DD 02/14/23,0.06,2/14/30,"10,000,000.00","10,000,000.00","9,708,000.00","-292,000.00",10/31/23,10/31/2023 10:33:21 PM,10/31/23,FIXED RATE,SEMI-ANNUAL,United States of America,Federal Farm Credit Banks Funding Corp,FFCB,U. S. GOVERNMENT SECURITIES,US AGENCIES,AA+,AA+,,AA+,AA+,AA+,Aaa,Aaa,Aaa,Aaa,,,,2.00,,F1+,AA+,F1+,AA+,F1+,D,DAILY,F,CORP-GOVT,1,T,IDSI,CLOSE,G,MBS - MORTGAGE BACKED
MILLENNIUM TTF FI,3133EPYC3,FEDERAL FARM CR BK CONS BD,5.360% 10/20/2027 DD 10/20/23,0.05,10/20/27,"10,000,000.00","9,995,000.00","9,995,000.00",0.00,10/31/23,10/31/2023 10:33:21 PM,1/1/00,FIXED RATE,SEMI-ANNUAL,United States of America,Federal Farm Credit Banks Funding Corp,FFCB,U. S. GOVERNMENT SECURITIES,US AGENCIES,AA+,AA+,,AA+,AA+,AA+,Aaa,Aaa,Aaa,Aaa,,,,2.00,,F1+,AA+,F1+,AA+,F1+,D,DAILY,F,CORP-GOVT,1,B1,COST AS DEFAULT,,G,MBS - MORTGAGE BACKED
MILLENNIUM TTF FI,3135G0ZR7,FEDERAL NATL MTG ASSN,2.625% 09/06/2024 DD 09/08/14,0.03,9/6/24,"5,000,000.00","4,954,350.00","4,884,300.00","-70,050.00",10/31/23,10/31/2023 10:33:21 PM,10/31/23,FIXED RATE,SEMI-ANNUAL,United States of America,Federal National Mortgage Association,FNMA,U. S. GOVERNMENT SECURITIES,US AGENCIES,AA+,AA+,,AA+,AA+,AA+,Aaa,Aaa,Aaa,Aaa,AAA,,,2.00,AA+,F1+,AA+,F1+,AA+,F1+,D,DAILY,F,CORP-GOVT,1,T,IDSI,CLOSE,B,BOND
MILLENNIUM TTF FI,46513JEB3,ISRAEL ST,2.280% 02/01/2025 DD 02/01/20,0.02,2/1/25,"2,500,000.00","2,500,000.00","2,414,175.00","-85,825.00",10/31/23,10/31/2023 10:33:21 PM,10/31/23,FIXED RATE,SEMI-ANNUAL,ISRAEL ST,ISRAEL ST,,OTHER INVESTMENTS,NON-US GOVERNMENT BONDS,-,-,,,,,-,,,,,,,2.00,,,,,,,D,DAILY,F,CORP-GOVT,1,T,IDSI,CLOSE,B,BOND
MILLENNIUM TTF FI,854502AQ4,STANLEY BLACK & DECKER INC,3.000% 05/15/2032 DD 02/24/22,0.03,5/15/32,"2,500,000.00","2,495,250.00","1,965,500.00","-529,750.00",10/31/23,10/31/2023 10:33:21 PM,10/31/23,FIXED RATE,SEMI-ANNUAL,Stanley Black & Decker Inc,Stanley Black & Decker Inc,SWK,CORPORATE DEBT INSTRUMENTS,INDUSTRIAL,Baa2,A-,A-,A-,A-,A-,Baa2,Baa2,Baa2,Baa2,CAA1,,,2.00,BBB+,F2,BBB+,F2,BBB+,F2,D,DAILY,F,CORP-GOVT,1,T,IDSI,CLOSE,B,BOND
MILLENNIUM TTF FI,88579YBB6,3M CO,3.250% 02/14/2024 DD 09/14/18,0.03,2/14/24,"3,000,000.00","2,992,680.00","2,976,450.00","-16,230.00",10/31/23,10/31/2023 10:33:21 PM,10/31/23,FIXED RATE,SEMI-ANNUAL,3M Co,3M Co,MMM,CORPORATE DEBT INSTRUMENTS,CAPITAL GOODS,BBB+,BBB+,BBB+,BBB+,BBB+,BBB+,A2,A2,A2,A2,AAA,,,2.00,,,,,,,D,DAILY,F,CORP-GOVT,1,T,IDSI,CLOSE,B,BOND
MILLENNIUM TTF FI,91282CHD6,U S TREASURY NOTE,4.250% 05/31/2025 DD 05/31/23,0.04,5/31/25,"20,000,000.00","19,890,625.00","19,710,200.00","-180,425.00",10/31/23,10/31/2023 10:33:21 PM,10/31/23,FIXED RATE,SEMI-ANNUAL,United States of America,United States Treasury Note/Bond,T,U. S. GOVERNMENT SECURITIES,US GOVERNMENTS,AA+,AA+,AA+,AA+,AA+,,Aaa,Aaa,Aaa,Aaa,AAA,,,1.00,AA+,F1+,AA+,F1+,AA+,F1+,D,DAILY,F,CORP-GOVT,1,T,IDSI,CLOSE,B,BOND
MILLENNIUM TTF FI,3133EMKZ4,FEDERAL FARM CR BK CONS BD,0.790% 06/21/2027 DD 12/21/20,0.01,6/21/27,"22,000,000.00","21,992,500.00","18,805,820.00","-3,186,680.00",10/31/23,10/31/2023 10:33:21 PM,10/31/23,FIXED RATE,SEMI-ANNUAL,United States of America,Federal Farm Credit Banks Funding Corp,FFCB,U. S. GOVERNMENT SECURITIES,US AGENCIES,AA+,AA+,,AA+,AA+,AA+,Aaa,Aaa,Aaa,Aaa,A2,,,2.00,,F1+,AA+,F1+,AA+,F1+,D,DAILY,F,CORP-GOVT,1,T,IDSI,CLOSE,B,BOND
MILLENNIUM TTF FI,3133EMMN9,FEDERAL FARM CR BK CONS BD,0.190% 01/11/2024 DD 01/11/21,0.00,1/11/24,"20,000,000.00","19,982,400.00","19,793,800.00","-188,600.00",10/31/23,10/31/2023 10:33:21 PM,10/31/23,FIXED RATE,SEMI-ANNUAL,United States of America,Federal Farm Credit Banks Funding Corp,FFCB,U. S. GOVERNMENT SECURITIES,US AGENCIES,AA+,AA+,,AA+,AA+,AA+,Aaa,Aaa,Aaa,Aaa,AA3,,,2.00,,F1+,AA+,F1+,AA+,F1+,D,DAILY,F,CORP-GOVT,1,T,IDSI,CLOSE,B,BOND
MILLENNIUM TTF FI,3133ENHB9,FEDERAL FARM CR BK CONS BD,1.840% 12/14/2028 DD 12/14/21,0.02,12/14/28,"10,000,000.00","10,000,000.00","8,477,200.00","-1,522,800.00",10/31/23,10/31/2023 10:33:21 PM,10/31/23,FIXED RATE,SEMI-ANNUAL,United States of America,Federal Farm Credit Banks Funding Corp,FFCB,U. S. GOVERNMENT SECURITIES,US AGENCIES,AA+,AA+,,AA+,AA+,AA+,Aaa,Aaa,Aaa,Aaa,NR,,,2.00,,F1+,AA+,F1+,AA+,F1+,D,DAILY,F,CORP-GOVT,1,T,IDSI,CLOSE,G,MBS - MORTGAGE BACKED
MILLENNIUM TTF FI,3133ENW97,FEDERAL FARM CR BK CONS BD,5.030% 11/01/2024 DD 11/01/22,0.05,11/1/24,"10,000,000.00","10,000,000.00","9,929,500.00","-70,500.00",10/31/23,10/31/2023 10:33:21 PM,10/31/23,FIXED RATE,SEMI-ANNUAL,United States of America,Federal Farm Credit Banks Funding Corp,FFCB,U. S. GOVERNMENT SECURITIES,US AGENCIES,AA+,AA+,,AA+,AA+,AA+,Aaa,Aaa,Aaa,Aaa,,,,2.00,,F1+,AA+,F1+,AA+,F1+,D,DAILY,F,CORP-GOVT,1,T,IDSI,CLOSE,G,MBS - MORTGAGE BACKED
MILLENNIUM TTF FI,3133ENYK0,FEDERAL FARM CR BK CONS BD,4.450% 06/08/2032 DD 06/08/22,0.04,6/8/32,"10,000,000.00","10,000,000.00","9,104,300.00","-895,700.00",10/31/23,10/31/2023 10:33:21 PM,10/31/23,FIXED RATE,SEMI-ANNUAL,United States of America,Federal Farm Credit Banks Funding Corp,FFCB,U. S. GOVERNMENT SECURITIES,US AGENCIES,AA+,AA+,,AA+,AA+,AA+,Aaa,Aaa,Aaa,Aaa,A3,,,2.00,,F1+,AA+,F1+,AA+,F1+,D,DAILY,F,CORP-GOVT,1,T,IDSI,CLOSE,G,MBS - MORTGAGE BACKED
MILLENNIUM TTF FI,3133ENZM5,FEDERAL FARM CR BK CONS BD,4.470% 06/29/2029 DD 06/29/22,0.04,6/29/29,"10,000,000.00","10,000,000.00","9,420,800.00","-579,200.00",10/31/23,10/31/2023 10:33:21 PM,10/31/23,FIXED RATE,SEMI-ANNUAL,United States of America,Federal Farm Credit Banks Funding Corp,FFCB,U. S. GOVERNMENT SECURITIES,US AGENCIES,AA+,AA+,,AA+,AA+,AA+,Aaa,Aaa,Aaa,Aaa,BA1,,,2.00,,F1+,AA+,F1+,AA+,F1+,D,DAILY,F,CORP-GOVT,1,T,IDSI,CLOSE,G,MBS - MORTGAGE BACKED
MILLENNIUM TTF FI,3134GWZG4,FEDERAL HOME LN MTG CORP,0.600% 10/20/2025 DD 10/20/20,0.01,10/20/25,"15,000,000.00","15,000,000.00","13,718,700.00","-1,281,300.00",10/31/23,10/31/2023 10:33:21 PM,10/31/23,FIXED RATE,SEMI-ANNUAL,United States of America,Federal Home Loan Mortgage Corp,FHLMC,U. S. GOVERNMENT SECURITIES,US AGENCIES,AA+,AA+,NR,,AA+,,Aaa,Aaa,,Aaa,AAA,,,2.00,AA+,F1+,,,AA+,F1+,D,DAILY,F,CORP-GOVT,1,T,IDSI,CLOSE,B,BOND
MILLENNIUM TTF FI,3135G06R9,FEDERAL NATL MTG ASSN,0.550% 01/28/2026 DD 01/28/21,0.01,1/28/26,"15,000,000.00","15,000,000.00","13,538,550.00","-1,461,450.00",10/31/23,10/31/2023 10:33:21 PM,10/31/23,FIXED RATE,SEMI-ANNUAL,United States of America,Federal National Mortgage Association,FNMA,U. S. GOVERNMENT SECURITIES,US AGENCIES,AA+,AA+,,AA+,AA+,AA+,Aaa,Aaa,Aaa,Aaa,BAA1,,,2.00,AA+,F1+,AA+,F1+,AA+,F1+,D,DAILY,F,CORP-GOVT,1,T,IDSI,CLOSE,B,BOND
MILLENNIUM TTF FI,478160CJ1,JOHNSON & JOHNSON,2.625% 01/15/2025 DD 11/10/17,0.03,1/15/25,"5,000,000.00","4,999,150.00","4,847,500.00","-151,650.00",10/31/23,10/31/2023 10:33:21 PM,10/31/23,FIXED RATE,SEMI-ANNUAL LONG,Johnson & Johnson,Johnson & Johnson,JNJ,CORPORATE DEBT INSTRUMENTS,HEALTH CARE,Aaa,AAA,AAA,AAA,AAA,AAA,Aaa,Aaa,Aaa,Aaa,AAA,,,2.00,WD,WD,WD,WD,WD,WD,D,DAILY,F,CORP-GOVT,2,T,IDSI,CLOSE,B,BOND
MILLENNIUM TTF FI,58013MFS8,MCDONALD'S CORP,4.600% 09/09/2032 DD 09/09/22,0.05,9/9/32,"2,000,000.00","1,991,120.00","1,839,680.00","-151,440.00",10/31/23,10/31/2023 10:33:21 PM,10/31/23,FIXED RATE,SEMI-ANNUAL,McDonald's Corp,McDonald's Corp,MCD,CORPORATE DEBT INSTRUMENTS,RETAIL,Baa1,BBB+,BBB+,BBB+,BBB+,BBB+,Baa1,Baa1,Baa1,Baa1,AAA,,,2.00,WD,NR,WD,NR,WD,NR,D,DAILY,F,CORP-GOVT,1,T,IDSI,CLOSE,B,BOND
MILLENNIUM TTF FI,806854AJ4,SCHLUMBERGER INVESTMENT SA,2.650% 06/26/2030 DD 06/26/20,0.03,6/26/30,"4,500,000.00","4,482,360.00","3,731,490.00","-750,870.00",10/31/23,10/31/2023 10:33:21 PM,10/31/23,FIXED RATE,SEMI-ANNUAL,Schlumberger NV,Schlumberger Investment SA,SLB,CORPORATE DEBT INSTRUMENTS,OIL & GAS,A2,A,,A,A,A,A2,A2,A2,A2,A2,,,2.00,,,,,,,D,DAILY,F,CORP-GOVT,1,T,IDSI,CLOSE,B,BOND
MILLENNIUM TTF FI,097023BU8,BOEING CO/THE,2.800% 03/01/2027 DD 02/16/17,0.03,3/1/27,"5,000,000.00","4,884,900.00","4,499,650.00","-385,250.00",10/31/23,10/31/2023 10:33:21 PM,10/31/23,FIXED RATE,SEMI-ANNUAL LONG,Boeing Co/The,Boeing Co/The,BA,CORPORATE DEBT INSTRUMENTS,AEROSPACE & DEFENSE,BBB-,BBB-,BBB-,BBB-,BBB-,BBB-,Baa2,Baa2,Baa2,Baa2,,,,2.00,BBB-,F3,BBB-,F3,BBB-,F3,D,DAILY,F,CORP-GOVT,2,T,IDSI,CLOSE,B,BOND
MILLENNIUM TTF FI,110122DU9,BRISTOL-MYERS SQUIBB CO,2.950% 03/15/2032 DD 03/02/22,0.03,3/15/32,"3,500,000.00","3,487,295.00","2,850,540.00","-636,755.00",10/31/23,10/31/2023 10:33:21 PM,10/31/23,FIXED RATE,SEMI-ANNUAL LONG,Bristol-Myers Squibb Co,Bristol-Myers Squibb Co,BMY,CORPORATE DEBT INSTRUMENTS,HEALTH CARE,A2,A+,A+,A+,A+,A+,A2,A2,A2,A2,,,,2.00,WD,WD,WD,WD,WD,WD,D,DAILY,F,CORP-GOVT,2,T,IDSI,CLOSE,B,BOND
MILLENNIUM TTF FI,3133EMLR1,FEDERAL FARM CR BK CONS BD,0.500% 12/23/2025 DD 12/23/20,0.01,12/23/25,"9,000,000.00","8,997,300.00","8,145,360.00","-851,940.00",10/31/23,10/31/2023 10:33:21 PM,10/31/23,FIXED RATE,SEMI-ANNUAL,United States of America,Federal Farm Credit Banks Funding Corp,FFCB,U. S. GOVERNMENT SECURITIES,US AGENCIES,AA+,AA+,,AA+,AA+,AA+,Aaa,Aaa,Aaa,Aaa,AAA,,,2.00,,F1+,AA+,F1+,AA+,F1+,D,DAILY,F,CORP-GOVT,1,T,IDSI,CLOSE,B,BOND
MILLENNIUM TTF FI,3133EMUK6,FEDERAL FARM CR BK CONS BD,1.050% 03/25/2026 DD 03/25/21,0.01,3/25/26,"15,000,000.00","15,000,000.00","13,622,100.00","-1,377,900.00",10/31/23,10/31/2023 10:33:21 PM,10/31/23,FIXED RATE,SEMI-ANNUAL,United States of America,Federal Farm Credit Banks Funding Corp,FFCB,U. S. GOVERNMENT SECURITIES,US AGENCIES,AA+,AA+,,AA+,AA+,AA+,Aaa,Aaa,Aaa,Aaa,AAA,,,2.00,,F1+,AA+,F1+,AA+,F1+,D,DAILY,F,CORP-GOVT,1,T,IDSI,CLOSE,G,MBS - MORTGAGE BACKED
MILLENNIUM TTF FI,3133ENHA1,FEDERAL FARM CR BK CONS BD,1.500% 12/14/2026 DD 12/14/21,0.02,12/14/26,"10,000,000.00","10,000,000.00","8,976,500.00","-1,023,500.00",10/31/23,10/31/2023 10:33:21 PM,10/31/23,FIXED RATE,SEMI-ANNUAL,United States of America,Federal Farm Credit Banks Funding Corp,FFCB,U. S. GOVERNMENT SECURITIES,US AGENCIES,AA+,AA+,,AA+,AA+,AA+,Aaa,Aaa,Aaa,Aaa,NR,,,2.00,,F1+,AA+,F1+,AA+,F1+,D,DAILY,F,CORP-GOVT,1,T,IDSI,CLOSE,G,MBS - MORTGAGE BACKED
MILLENNIUM TTF FI,3133ENNM8,FEDERAL FARM CR BK CONS BD,2.280% 02/14/2028 DD 02/14/22,0.02,2/14/28,"10,000,000.00","10,000,000.00","8,904,300.00","-1,095,700.00",10/31/23,10/31/2023 10:33:21 PM,10/31/23,FIXED RATE,SEMI-ANNUAL,United States of America,Federal Farm Credit Banks Funding Corp,FFCB,U. S. GOVERNMENT SECURITIES,US AGENCIES,AA+,AA+,,AA+,AA+,AA+,Aaa,Aaa,Aaa,Aaa,AAA,,,2.00,,F1+,AA+,F1+,AA+,F1+,D,DAILY,F,CORP-GOVT,1,T,IDSI,CLOSE,G,MBS - MORTGAGE BACKED
MILLENNIUM TTF FI,3133EN5C0,FEDERAL FARM CR BK CONS BD,5.370% 12/27/2028 DD 12/27/22,0.05,12/27/28,"10,000,000.00","10,000,000.00","9,848,400.00","-151,600.00",10/31/23,10/31/2023 10:33:21 PM,10/31/23,FIXED RATE,SEMI-ANNUAL,United States of America,Federal Farm Credit Banks Funding Corp,FFCB,U. S. GOVERNMENT SECURITIES,US AGENCIES,AA+,AA+,,AA+,AA+,AA+,Aaa,Aaa,Aaa,Aaa,NR,,,2.00,,F1+,AA+,F1+,AA+,F1+,D,DAILY,F,CORP-GOVT,1,T,IDSI,CLOSE,G,MBS - MORTGAGE BACKED
MILLENNIUM TTF FI,3133EPWK7,FEDERAL FARM CR BK CONS BD,4.500% 09/22/2028 DD 09/22/23,0.05,9/22/28,"25,000,000.00","24,952,500.00","24,525,500.00","-427,000.00",10/31/23,10/31/2023 10:33:21 PM,10/31/23,FIXED RATE,SEMI-ANNUAL,United States of America,Federal Farm Credit Banks Funding Corp,FFCB,U. S. GOVERNMENT SECURITIES,US AGENCIES,AA+,AA+,,AA+,AA+,AA+,Aaa,Aaa,Aaa,Aaa,A3,,,2.00,,F1+,AA+,F1+,AA+,F1+,D,DAILY,F,CORP-GOVT,1,T,IDSI,CLOSE,B,BOND
MILLENNIUM TTF FI,713448FR4,PEPSICO INC,4.450% 05/15/2028 DD 02/15/23,0.04,5/15/28,"5,000,000.00","4,993,300.00","4,876,300.00","-117,000.00",10/31/23,10/31/2023 10:33:21 PM,10/31/23,FIXED RATE,SEMI-ANNUAL LONG,PepsiCo Inc,PepsiCo Inc,PEP,CORPORATE DEBT INSTRUMENTS,FOOD BEVERAGE & TOBACCO,A1,A+,A+,A+,A+,A+,A1,A1,A1,A1,BAA1,,,2.00,WD,WD,WD,WD,WD,WD,D,DAILY,F,CORP-GOVT,2,T,IDSI,CLOSE,B,BOND
MILLENNIUM TTF FI,716973AD4,PFIZER INVESTMENT ENTERPRISES,4.650% 05/19/2030 DD 05/19/23,0.05,5/19/30,"5,000,000.00","4,991,150.00","4,707,900.00","-283,250.00",10/31/23,10/31/2023 10:33:21 PM,10/31/23,FIXED RATE,SEMI-ANNUAL,Pfizer Inc,Pfizer Investment Enterprises Pte Ltd,PFE,CORPORATE DEBT INSTRUMENTS,HEALTH CARE,A,A+,,A+,A+,A+,A1,A1,A1,A1,WR,,,2.00,,,A,F1,A,F1,D,DAILY,F,CORP-GOVT,1,T,IDSI,CLOSE,B,BOND
MILLENNIUM TTF FI,911312BZ8,UNITED PARCEL SERVICE INC,4.875% 03/03/2033 DD 02/27/23,0.05,3/3/33,"5,000,000.00","4,998,400.00","4,686,650.00","-311,750.00",10/31/23,10/31/2023 10:33:21 PM,10/31/23,FIXED RATE,SEMI-ANNUAL LONG,United Parcel Service Inc,United Parcel Service Inc,UPS,CORPORATE DEBT INSTRUMENTS,TRANSPORTATION,A2,A,A,A,A,A,A2,A2,A2,A2,,,,2.00,,,,,,,D,DAILY,F,CORP-GOVT,2,T,IDSI,CLOSE,B,BOND
MILLENNIUM TTF FI,037833CG3,APPLE INC,3.000% 02/09/2024 DD 02/09/17,0.03,2/9/24,"5,000,000.00","4,997,800.00","4,962,850.00","-34,950.00",10/31/23,10/31/2023 10:33:21 PM,10/31/23,FIXED RATE,SEMI-ANNUAL,Apple Inc,Apple Inc,AAPL,CORPORATE DEBT INSTRUMENTS,TECHNOLOGY,AA+,AA+,AA+,AA+,AA+,AA+,Aaa,Aaa,Aaa,Aaa,B1,,,2.00,,,,,,,D,DAILY,F,CORP-GOVT,1,T,IDSI,CLOSE,B,BOND
MILLENNIUM TTF FI,254687FK7,WALT DISNEY CO/THE,1.750% 08/30/2024 DD 09/06/19,0.02,8/30/24,"10,000,000.00","9,959,200.00","9,679,700.00","-279,500.00",10/31/23,10/31/2023 10:33:21 PM,10/31/23,FIXED RATE,SEMI-ANNUAL,Walt Disney Co/The,Walt Disney Co/The,DIS,CORPORATE DEBT INSTRUMENTS,COMMUNICATIONS,A-,A-,A-,A-,A-,A-,A2,A2,A2,A2,AAA,,,2.00,A-,F2,A-,F2,A-,F2,D,DAILY,F,CORP-GOVT,1,T,IDSI,CLOSE,B,BOND
MILLENNIUM TTF FI,3130ACUP7,FEDERAL HOME LN BK CONS BD,3.200% 11/29/2032 DD 11/29/17,0.03,11/29/32,"5,000,000.00","5,000,000.00","4,182,250.00","-817,750.00",10/31/23,10/31/2023 10:33:21 PM,10/31/23,FIXED RATE,SEMI-ANNUAL,United States of America,Federal Home Loan Banks,FHLB,U. S. GOVERNMENT SECURITIES,US AGENCIES,AA+,AA+,,AA+,AA+,AA+,Aaa,Aaa,Aaa,Aaa,AAA,,,2.00,,,AA+,F1+,AA+,F1+,D,DAILY,F,CORP-GOVT,1,T,IDSI,CLOSE,B,BOND
MILLENNIUM TTF FI,3133EMKW1,FEDERAL FARM CR BK CONS BD,0.210% 12/21/2023 DD 12/21/20,0.00,12/21/23,"14,000,000.00","13,988,800.00","13,893,600.00","-95,200.00",10/31/23,10/31/2023 10:33:21 PM,10/31/23,FIXED RATE,SEMI-ANNUAL,United States of America,Federal Farm Credit Banks Funding Corp,FFCB,U. S. GOVERNMENT SECURITIES,US AGENCIES,AA+,AA+,,AA+,AA+,AA+,Aaa,Aaa,Aaa,Aaa,,,,2.00,,F1+,AA+,F1+,AA+,F1+,D,DAILY,F,CORP-GOVT,1,T,IDSI,CLOSE,B,BOND
MILLENNIUM TTF FI,3133EMLP5,FEDERAL FARM CR BK CONS BD,0.320% 12/23/2024 DD 12/23/20,0.00,12/23/24,"18,000,000.00","18,000,000.00","16,965,720.00","-1,034,280.00",10/31/23,10/31/2023 10:33:21 PM,10/31/23,FIXED RATE,SEMI-ANNUAL,United States of America,Federal Farm Credit Banks Funding Corp,FFCB,U. S. GOVERNMENT SECURITIES,US AGENCIES,AA+,AA+,,AA+,AA+,AA+,Aaa,Aaa,Aaa,Aaa,AAA,,,2.00,,F1+,AA+,F1+,AA+,F1+,D,DAILY,F,CORP-GOVT,1,T,IDSI,CLOSE,B,BOND
MILLENNIUM TTF FI,3133EMSG8,FEDERAL FARM CR BK CONS BD,1.100% 03/03/2027 DD 03/03/21,0.01,3/3/27,"20,000,000.00","19,978,000.00","17,550,400.00","-2,427,600.00",10/31/23,10/31/2023 10:33:21 PM,10/31/23,FIXED RATE,SEMI-ANNUAL,United States of America,Federal Farm Credit Banks Funding Corp,FFCB,U. S. GOVERNMENT SECURITIES,US AGENCIES,AA+,AA+,,AA+,AA+,AA+,Aaa,Aaa,Aaa,Aaa,AAA,,,2.00,,F1+,AA+,F1+,AA+,F1+,D,DAILY,F,CORP-GOVT,1,T,IDSI,CLOSE,G,MBS - MORTGAGE BACKED
MILLENNIUM TTF FI,59156RBD9,METLIFE INC,4.125% 08/13/2042 DD 08/13/12,0.04,8/13/42,"3,000,000.00","2,981,070.00","2,244,690.00","-736,380.00",10/31/23,10/31/2023 10:33:21 PM,10/31/23,FIXED RATE,SEMI-ANNUAL,MetLife Inc,MetLife Inc,MET,CORPORATE DEBT INSTRUMENTS,INSURANCE,A3,A-,A-,A-,A-,A-,A3,A3,A3,A3,A3,,,2.00,A,F1,A,F1,A,F1,D,DAILY,F,CORP-GOVT,1,T,IDSI,CLOSE,B,BOND
MILLENNIUM TTF FI,594918BX1,MICROSOFT CORP,2.875% 02/06/2024 DD 02/06/17,0.03,2/6/24,"5,000,000.00","4,993,400.00","4,964,650.00","-28,750.00",10/31/23,10/31/2023 10:33:21 PM,10/31/23,FIXED RATE,SEMI-ANNUAL,Microsoft Corp,Microsoft Corp,MSFT,CORPORATE DEBT INSTRUMENTS,TECHNOLOGY,Aaa,AAA,AAA,AAA,AAA,AAA,Aaa,Aaa,Aaa,Aaa,,,,2.00,WD,WD,WD,WD,WD,WD,D,DAILY,F,CORP-GOVT,1,T,IDSI,CLOSE,B,BOND
MILLENNIUM TTF FI,742718FL8,PROCTER & GAMBLE CO/THE,0.550% 10/29/2025 DD 10/29/20,0.01,10/29/25,"3,500,000.00","3,494,330.00","3,192,630.00","-301,700.00",10/31/23,10/31/2023 10:33:21 PM,10/31/23,FIXED RATE,SEMI-ANNUAL,Procter & Gamble Co/The,Procter & Gamble Co/The,PG,CORPORATE DEBT INSTRUMENTS,HOUSEHOLD PRODUCTS,Aa3,AA-,AA-,AA-,AA-,AA-,Aa3,Aa3,Aa3,Aa3,,,,2.00,,NR,,NR,,NR,D,DAILY,F,CORP-GOVT,1,T,IDSI,CLOSE,B,BOND
MILLENNIUM TTF FI,808513BR5,CHARLES SCHWAB CORP/THE,1.150% 05/13/2026 DD 05/13/21,0.01,5/13/26,"5,000,000.00","4,988,400.00","4,394,300.00","-594,100.00",10/31/23,10/31/2023 10:33:21 PM,10/31/23,FIXED RATE,SEMI-ANNUAL,Charles Schwab Corp/The,Charles Schwab Corp/The,SCHW,CORPORATE DEBT INSTRUMENTS,BANKING & FINANCE,A-,A-,A-,A-,A-,A-,A2,A2,A2,A2,A2,,,2.00,A,F1,A,F1,A,F1,D,DAILY,F,CORP-GOVT,1,T,IDSI,CLOSE,B,BOND
MILLENNIUM TTF FI,88579YBG5,3M CO,3.375% 03/01/2029 DD 02/22/19,0.03,3/1/29,"5,000,000.00","4,998,250.00","4,400,150.00","-598,100.00",10/31/23,10/31/2023 10:33:21 PM,10/31/23,FIXED RATE,SEMI-ANNUAL LONG,3M Co,3M Co,MMM,CORPORATE DEBT INSTRUMENTS,CAPITAL GOODS,BBB+,BBB+,BBB+,BBB+,BBB+,BBB+,A2,A2,A2,A2,AAA,,,2.00,,,,,,,D,DAILY,F,CORP-GOVT,2,T,IDSI,CLOSE,B,BOND
MILLENNIUM TTF FI,902494AX1,TYSON FOODS INC,3.950% 08/15/2024 DD 08/08/14,0.04,8/15/24,"2,000,000.00","1,993,920.00","1,967,860.00","-26,060.00",10/31/23,10/31/2023 10:33:21 PM,10/31/23,FIXED RATE,SEMI-ANNUAL LONG,Tyson Foods Inc,Tyson Foods Inc,TSN,CORPORATE DEBT INSTRUMENTS,FOOD PRODUCTS,Baa2,BBB+,BBB+,BBB+,BBB+,BBB+,Baa2,Baa2,Baa2,Baa2,BAA2,,,2.00,BBB,F2,BBB,F2,BBB,F2,D,DAILY,F,CORP-GOVT,2,T,IDSI,CLOSE,B,BOND
MILLENNIUM TTF FI,911312BL9,UNITED PARCEL SERVICE INC,2.800% 11/15/2024 DD 11/14/17,0.03,11/15/24,"5,000,000.00","4,982,350.00","4,858,900.00","-123,450.00",10/31/23,10/31/2023 10:33:21 PM,10/31/23,FIXED RATE,SEMI-ANNUAL LONG,United Parcel Service Inc,United Parcel Service Inc,UPS,CORPORATE DEBT INSTRUMENTS,TRANSPORTATION,A2,A,A,A,A,A,A2,A2,A2,A2,BAA3,,,2.00,,,,,,,D,DAILY,F,CORP-GOVT,2,T,IDSI,CLOSE,B,BOND
MILLENNIUM TTF FI,91282CHV6,U S TREASURY NOTE,5.000% 08/31/2025 DD 08/31/23,0.05,8/31/25,"25,000,000.00","24,972,656.25","24,944,250.00","-28,406.25",10/31/23,10/31/2023 10:33:21 PM,10/31/23,FIXED RATE,SEMI-ANNUAL,United States of America,United States Treasury Note/Bond,T,U. S. GOVERNMENT SECURITIES,US GOVERNMENTS,AA+,AA+,AA+,AA+,AA+,,Aaa,Aaa,Aaa,Aaa,AA1,,,1.00,AA+,F1+,AA+,F1+,AA+,F1+,D,DAILY,F,CORP-GOVT,1,T,IDSI,CLOSE,B,BOND
MILLENNIUM TTF FI,037833EC0,APPLE INC,1.200% 02/08/2028 DD 02/08/21,0.01,2/8/28,"10,000,000.00","9,975,900.00","8,494,600.00","-1,481,300.00",10/31/23,10/31/2023 10:33:21 PM,10/31/23,FIXED RATE,SEMI-ANNUAL,Apple Inc,Apple Inc,AAPL,CORPORATE DEBT INSTRUMENTS,TECHNOLOGY,AA+,AA+,AA+,AA+,AA+,AA+,Aaa,Aaa,Aaa,Aaa,,,,2.00,,,,,,,D,DAILY,F,CORP-GOVT,1,T,IDSI,CLOSE,B,BOND
MILLENNIUM TTF FI,3128PSSZ1,FHLMC   POOL #J1-3236,3.500% 10/01/2025 DD 10/01/10,0.04,10/1/25,"114,598.80","118,323.26","112,280.47","-6,042.79",10/31/23,10/31/2023 10:33:21 PM,10/31/23,FIXED RATE,MONTHLY,United States of America,Freddie Mac Gold Pool,FG,U. S. GOVERNMENT SECURITIES,FHLMC POOLS,AA+,AA+,,NR,AA+,,Aaa,,Aaa,Aaa,,,,2.00,,,AA+,F1+,AA+,F1+,D,DAILY,F,FHLMC,5,IC,ICE-CMO,CLOSE,G,MBS - MORTGAGE BACKED
MILLENNIUM TTF FI,3133EMAB8,FEDERAL FARM CR BK CONS BD,0.390% 06/17/2024 DD 09/17/20,0.00,6/17/24,"13,500,000.00","13,486,500.00","13,066,515.00","-419,985.00",10/31/23,10/31/2023 10:33:21 PM,10/31/23,FIXED RATE,SEMI-ANNUAL,United States of America,Federal Farm Credit Banks Funding Corp,FFCB,U. S. GOVERNMENT SECURITIES,US AGENCIES,AA+,AA+,,AA+,AA+,AA+,Aaa,Aaa,Aaa,Aaa,WR,,,2.00,,F1+,AA+,F1+,AA+,F1+,D,DAILY,F,CORP-GOVT,1,T,IDSI,CLOSE,B,BOND
MILLENNIUM TTF FI,3133EMBH4,FEDERAL FARM CR BK CONS BD,0.530% 09/29/2025 DD 09/29/20,0.01,9/29/25,"20,000,000.00","19,980,000.00","18,306,000.00","-1,674,000.00",10/31/23,10/31/2023 10:33:21 PM,10/31/23,FIXED RATE,SEMI-ANNUAL,United States of America,Federal Farm Credit Banks Funding Corp,FFCB,U. S. GOVERNMENT SECURITIES,US AGENCIES,AA+,AA+,,AA+,AA+,AA+,Aaa,Aaa,Aaa,Aaa,AA3,,,2.00,,F1+,AA+,F1+,AA+,F1+,D,DAILY,F,CORP-GOVT,1,T,IDSI,CLOSE,B,BOND
MILLENNIUM TTF FI,3133EMHF2,FEDERAL FARM CR BK CONS BD,0.600% 11/24/2025 DD 11/24/20,0.01,11/24/25,"10,000,000.00","9,989,000.00","9,110,100.00","-878,900.00",10/31/23,10/31/2023 10:33:21 PM,10/31/23,FIXED RATE,SEMI-ANNUAL,United States of America,Federal Farm Credit Banks Funding Corp,FFCB,U. S. GOVERNMENT SECURITIES,US AGENCIES,AA+,AA+,,AA+,AA+,AA+,Aaa,Aaa,Aaa,Aaa,,,,2.00,,F1+,AA+,F1+,AA+,F1+,D,DAILY,F,CORP-GOVT,1,T,IDSI,CLOSE,B,BOND
MILLENNIUM TTF FI,3133EMYN6,FEDERAL FARM CR BK CONS BD,0.710% 05/06/2025 DD 05/06/21,0.01,5/6/25,"16,000,000.00","16,000,000.00","14,919,840.00","-1,080,160.00",10/31/23,10/31/2023 10:33:21 PM,10/31/23,FIXED RATE,SEMI-ANNUAL,United States of America,Federal Farm Credit Banks Funding Corp,FFCB,U. S. GOVERNMENT SECURITIES,US AGENCIES,AA+,AA+,,AA+,AA+,AA+,Aaa,Aaa,Aaa,Aaa,NR,,,2.00,,F1+,AA+,F1+,AA+,F1+,D,DAILY,F,CORP-GOVT,1,T,IDSI,CLOSE,G,MBS - MORTGAGE BACKED
MILLENNIUM TTF FI,3133ENFF2,FEDERAL FARM CR BK CONS BD,2.040% 12/01/2031 DD 12/01/21,0.02,12/1/31,"10,000,000.00","9,990,000.00","7,799,800.00","-2,190,200.00",10/31/23,10/31/2023 10:33:21 PM,10/31/23,FIXED RATE,SEMI-ANNUAL,United States of America,Federal Farm Credit Banks Funding Corp,FFCB,U. S. GOVERNMENT SECURITIES,US AGENCIES,AA+,AA+,,AA+,AA+,AA+,Aaa,Aaa,Aaa,Aaa,AAA,,,2.00,,F1+,AA+,F1+,AA+,F1+,D,DAILY,F,CORP-GOVT,1,T,IDSI,CLOSE,G,MBS - MORTGAGE BACKED
MILLENNIUM TTF FI,3133EPVS1,FEDERAL FARM CR BK CONS BD,5.290% 09/15/2027 DD 09/15/23,0.05,9/15/27,"10,000,000.00","10,000,000.00","9,873,300.00","-126,700.00",10/31/23,10/31/2023 10:33:21 PM,10/31/23,FIXED RATE,SEMI-ANNUAL,United States of America,Federal Farm Credit Banks Funding Corp,FFCB,U. S. GOVERNMENT SECURITIES,US AGENCIES,AA+,AA+,,AA+,AA+,AA+,Aaa,Aaa,Aaa,Aaa,,,,2.00,,F1+,AA+,F1+,AA+,F1+,D,DAILY,F,CORP-GOVT,1,T,IDSI,CLOSE,G,MBS - MORTGAGE BACKED
MILLENNIUM TTF FI,438516BW5,HONEYWELL INTERNATIONAL INC,2.300% 08/15/2024 DD 08/08/19,0.02,8/15/24,"3,000,000.00","2,993,790.00","2,922,300.00","-71,490.00",10/31/23,10/31/2023 10:33:21 PM,10/31/23,FIXED RATE,SEMI-ANNUAL LONG,Honeywell International Inc,Honeywell International Inc,HON,CORPORATE DEBT INSTRUMENTS,TECHNOLOGY,A2,A,A,A,A,A,A2,A2,A2,A2,A2,,,2.00,A,F1,A,F1,A,F1,D,DAILY,F,CORP-GOVT,2,T,IDSI,CLOSE,B,BOND
MILLENNIUM TTF FI,458140BP4,INTEL CORP,3.400% 03/25/2025 DD 03/25/20,0.03,3/25/25,"5,000,000.00","4,992,250.00","4,850,000.00","-142,250.00",10/31/23,10/31/2023 10:33:21 PM,10/31/23,FIXED RATE,SEMI-ANNUAL,Intel Corp,Intel Corp,INTC,CORPORATE DEBT INSTRUMENTS,TECHNOLOGY,A-,A,A,A,A,A,A2,A2,A2,A2,,,,2.00,A-,F2,A-,F2,A-,F2,D,DAILY,F,CORP-GOVT,1,T,IDSI,CLOSE,B,BOND
MILLENNIUM TTF FI,459200JZ5,INTERNATIONAL BUSINESS MACHINE,3.300% 05/15/2026 DD 05/15/19,0.03,5/15/26,"10,000,000.00","9,981,400.00","9,455,100.00","-526,300.00",10/31/23,10/31/2023 10:33:21 PM,10/31/23,FIXED RATE,SEMI-ANNUAL,International Business Machines Corp,International Business Machines Corp,IBM,CORPORATE DEBT INSTRUMENTS,TECHNOLOGY,A3,A-,A-,A-,A-,A-,A3,A3,A3,A3,WR,,,2.00,WD,WD,WD,WD,WD,WD,D,DAILY,F,CORP-GOVT,1,T,IDSI,CLOSE,B,BOND
MILLENNIUM TTF FI,46514TNH7,ISRAEL ST,1.020% 08/01/2024 DD 08/01/21,0.01,8/1/24,"3,800,000.00","3,800,000.00","3,684,328.00","-115,672.00",10/31/23,10/31/2023 10:33:21 PM,10/31/23,FIXED RATE,SEMI-ANNUAL,ISRAEL ST,ISRAEL ST,,OTHER INVESTMENTS,NON-US GOVERNMENT BONDS,-,-,,,,,-,,,,,,,2.00,,,,,,,D,DAILY,F,CORP-GOVT,1,T,IDSI,CLOSE,B,BOND
MILLENNIUM TTF FI,478160CK8,JOHNSON & JOHNSON,2.900% 01/15/2028 DD 11/10/17,0.03,1/15/28,"5,000,000.00","4,994,050.00","4,578,700.00","-415,350.00",10/31/23,10/31/2023 10:33:21 PM,10/31/23,FIXED RATE,SEMI-ANNUAL LONG,Johnson & Johnson,Johnson & Johnson,JNJ,CORPORATE DEBT INSTRUMENTS,HEALTH CARE,Aaa,AAA,AAA,AAA,AAA,AAA,Aaa,Aaa,Aaa,Aaa,AAA,,,2.00,WD,WD,WD,WD,WD,WD,D,DAILY,F,CORP-GOVT,2,T,IDSI,CLOSE,B,BOND
MILLENNIUM TTF FI,548661EL7,LOWE'S COS INC,5.000% 04/15/2033 DD 09/08/22,0.05,4/15/33,"1,500,000.00","1,496,220.00","1,367,865.00","-128,355.00",10/31/23,10/31/2023 10:33:21 PM,10/31/23,FIXED RATE,SEMI-ANNUAL LONG,Lowe's Cos Inc,Lowe's Cos Inc,LOW,CORPORATE DEBT INSTRUMENTS,RETAIL,Baa1,BBB+,BBB+,BBB+,BBB+,BBB+,Baa1,Baa1,Baa1,Baa1,BAA1,,,2.00,WD,WD,WD,WD,WD,WD,D,DAILY,F,CORP-GOVT,2,T,IDSI,CLOSE,B,BOND
MILLENNIUM TTF FI,68389XAU9,ORACLE CORP,3.400% 07/08/2024 DD 07/08/14,0.03,7/8/24,"10,000,000.00","9,989,700.00","9,827,300.00","-162,400.00",10/31/23,10/31/2023 10:33:21 PM,10/31/23,FIXED RATE,SEMI-ANNUAL,Oracle Corp,Oracle Corp,ORCL,CORPORATE DEBT INSTRUMENTS,TECHNOLOGY,Baa2,BBB,BBB,BBB,BBB,BBB,Baa2,Baa2,Baa2,Baa2,A1,,,2.00,BBB,F2,BBB,F2,BBB,F2,D,DAILY,F,CORP-GOVT,1,T,IDSI,CLOSE,B,BOND
MILLENNIUM TTF FI,716973AE2,PFIZER INVESTMENT ENTERPRISES,4.750% 05/19/2033 DD 05/19/23,0.05,5/19/33,"5,000,000.00","4,992,500.00","4,605,550.00","-386,950.00",10/31/23,10/31/2023 10:33:21 PM,10/31/23,FIXED RATE,SEMI-ANNUAL,Pfizer Inc,Pfizer Investment Enterprises Pte Ltd,PFE,CORPORATE DEBT INSTRUMENTS,HEALTH CARE,A,A+,,A+,A+,A+,A1,A1,A1,A1,AAA,,,2.00,,,A,F1,A,F1,D,DAILY,F,CORP-GOVT,1,T,IDSI,CLOSE,B,BOND
MILLENNIUM TTF FI,717081EA7,PFIZER INC,3.000% 12/15/2026 DD 11/21/16,0.03,12/15/26,"5,000,000.00","4,957,400.00","4,655,550.00","-301,850.00",10/31/23,10/31/2023 10:33:21 PM,10/31/23,FIXED RATE,SEMI-ANNUAL LONG,Pfizer Inc,Pfizer Inc,PFE,CORPORATE DEBT INSTRUMENTS,HEALTH CARE,A,A+,A+,A+,A+,A+,A1,A1,A1,A1,AAA,,,2.00,A,F1,A,F1,A,F1,D,DAILY,F,CORP-GOVT,2,T,IDSI,CLOSE,B,BOND
MILLENNIUM TTF FI,9128285M8,U S TREASURY NOTE,3.125% 11/15/2028 DD 11/15/18,0.03,11/15/28,"10,000,000.00","9,935,937.50","9,226,600.00","-709,337.50",10/31/23,10/31/2023 10:33:21 PM,10/31/23,FIXED RATE,SEMI-ANNUAL,United States of America,United States Treasury Note/Bond,T,U. S. GOVERNMENT SECURITIES,US GOVERNMENTS,AA+,AA+,AA+,AA+,AA+,,Aaa,Aaa,Aaa,Aaa,AAA,,,1.00,AA+,F1+,AA+,F1+,AA+,F1+,D,DAILY,F,CORP-GOVT,1,T,IDSI,CLOSE,B,BOND
MILLENNIUM TTF FI,931142EN9,WALMART INC,3.250% 07/08/2029 DD 04/23/19,0.03,7/8/29,"5,000,000.00","4,994,100.00","4,506,300.00","-487,800.00",10/31/23,10/31/2023 10:33:21 PM,10/31/23,FIXED RATE,SEMI-ANNUAL,Walmart Inc,Walmart Inc,WMT,CORPORATE DEBT INSTRUMENTS,RETAIL,Aa2,AA,AA,AA,AA,AA,Aa2,Aa2,Aa2,Aa2,A3,,,2.00,AA,F1+,AA,F1+,AA,F1+,D,DAILY,F,CORP-GOVT,1,T,IDSI,CLOSE,B,BOND
MILLENNIUM TTF FI,24422EWL9,JOHN DEERE CAPITAL CORP,4.350% 09/15/2032 DD 09/08/22,0.04,9/15/32,"1,000,000.00","997,260.00","905,030.00","-92,230.00",10/31/23,10/31/2023 10:33:21 PM,10/31/23,FIXED RATE,SEMI-ANNUAL LONG,Deere & Co,John Deere Capital Corp,DE,CORPORATE DEBT INSTRUMENTS,BANKING & FINANCE,A2,A,A,,A,A,A2,A2,,A2,A2,,,2.00,A+,F1,,,A+,F1,D,DAILY,F,CORP-GOVT,2,T,IDSI,CLOSE,B,BOND
MILLENNIUM TTF FI,3130AMU67,FEDERAL HOME LN BK CONS BD,0.400% 06/28/2024 DD 06/28/21,0.00,6/28/24,"18,000,000.00","18,000,000.00","17,416,620.00","-583,380.00",10/31/23,10/31/2023 10:33:21 PM,10/31/23,FIXED RATE,SEMI-ANNUAL,United States of America,Federal Home Loan Banks,FHLB,U. S. GOVERNMENT SECURITIES,US AGENCIES,AA+,AA+,,AA+,AA+,AA+,Aaa,Aaa,Aaa,Aaa,AAA,,,2.00,,,AA+,F1+,AA+,F1+,D,DAILY,F,CORP-GOVT,1,T,IDSI,CLOSE,B,BOND
MILLENNIUM TTF FI,3133EMH47,FEDERAL FARM CR BK CONS BD,0.600% 06/16/2025 DD 06/16/21,0.01,6/16/25,"5,000,000.00","5,000,000.00","4,633,200.00","-366,800.00",10/31/23,10/31/2023 10:33:21 PM,10/31/23,FIXED RATE,SEMI-ANNUAL,United States of America,Federal Farm Credit Banks Funding Corp,FFCB,U. S. GOVERNMENT SECURITIES,US AGENCIES,AA+,AA+,,AA+,AA+,AA+,Aaa,Aaa,Aaa,Aaa,,,,2.00,,F1+,AA+,F1+,AA+,F1+,D,DAILY,F,CORP-GOVT,1,T,IDSI,CLOSE,G,MBS - MORTGAGE BACKED
MILLENNIUM TTF FI,3133EMPB2,FEDERAL FARM CR BK CONS BD,0.170% 11/03/2023 DD 02/03/21,0.00,11/3/23,"15,000,000.00","14,990,250.00","14,995,650.00","5,400.00",10/31/23,10/31/2023 10:33:21 PM,10/31/23,FIXED RATE,SEMI-ANNUAL,United States of America,Federal Farm Credit Banks Funding Corp,FFCB,U. S. GOVERNMENT SECURITIES,US AGENCIES,AA+,AA+,,AA+,AA+,AA+,Aaa,Aaa,Aaa,Aaa,,,,2.00,,F1+,AA+,F1+,AA+,F1+,D,DAILY,F,CORP-GOVT,1,T,IDSI,CLOSE,B,BOND
MILLENNIUM TTF FI,3133EMWH1,FEDERAL FARM CR BK CONS BD,0.710% 04/21/2025 DD 04/21/21,0.01,4/21/25,"20,000,000.00","19,990,000.00","18,680,400.00","-1,309,600.00",10/31/23,10/31/2023 10:33:21 PM,10/31/23,FIXED RATE,SEMI-ANNUAL,United States of America,Federal Farm Credit Banks Funding Corp,FFCB,U. S. GOVERNMENT SECURITIES,US AGENCIES,AA+,AA+,,AA+,AA+,AA+,Aaa,Aaa,Aaa,Aaa,AAA,,,2.00,,F1+,AA+,F1+,AA+,F1+,D,DAILY,F,CORP-GOVT,1,T,IDSI,CLOSE,G,MBS - MORTGAGE BACKED
MILLENNIUM TTF FI,3133ENYM6,FEDERAL FARM CR BK CONS BD,3.780% 06/08/2028 DD 06/08/22,0.04,6/8/28,"5,000,000.00","5,000,000.00","4,682,150.00","-317,850.00",10/31/23,10/31/2023 10:33:21 PM,10/31/23,FIXED RATE,SEMI-ANNUAL,United States of America,Federal Farm Credit Banks Funding Corp,FFCB,U. S. GOVERNMENT SECURITIES,US AGENCIES,AA+,AA+,,AA+,AA+,AA+,Aaa,Aaa,Aaa,Aaa,A3,,,2.00,,F1+,AA+,F1+,AA+,F1+,D,DAILY,F,CORP-GOVT,1,T,IDSI,CLOSE,G,MBS - MORTGAGE BACKED
MILLENNIUM TTF FI,3133EPVZ5,FEDERAL FARM CR BK CONS BD,5.670% 09/18/2029 DD 09/18/23,0.06,9/18/29,"10,000,000.00","9,952,000.00","9,804,500.00","-147,500.00",10/31/23,10/31/2023 10:33:21 PM,10/31/23,FIXED RATE,SEMI-ANNUAL,United States of America,Federal Farm Credit Banks Funding Corp,FFCB,U. S. GOVERNMENT SECURITIES,US AGENCIES,AA+,AA+,,AA+,AA+,AA+,Aaa,Aaa,Aaa,Aaa,B3,,,2.00,,F1+,AA+,F1+,AA+,F1+,D,DAILY,F,CORP-GOVT,1,T,IDSI,CLOSE,G,MBS - MORTGAGE BACKED
MILLENNIUM TTF FI,46514VDU4,ISRAEL ST,5.040% 10/01/2027 DD 10/15/22,0.05,10/1/27,"5,000,000.00","5,000,000.00","4,963,350.00","-36,650.00",10/31/23,10/31/2023 10:33:21 PM,10/31/23,FIXED RATE,INTEREST AT MAT OR NO INTEREST,ISRAEL ST,ISRAEL ST,,OTHER INVESTMENTS,NON-US GOVERNMENT BONDS,-,-,,,,,-,,,,,,,2.00,,,,,,,D,DAILY,F,CORP-GOVT,0,T,IDSI,CLOSE,B,BOND
MILLENNIUM TTF FI,532457CF3,ELI LILLY & CO,4.700% 02/27/2033 DD 02/27/23,0.05,2/27/33,"2,000,000.00","1,995,740.00","1,882,500.00","-113,240.00",10/31/23,10/31/2023 10:33:21 PM,10/31/23,FIXED RATE,SEMI-ANNUAL,Eli Lilly & Co,Eli Lilly & Co,LLY,CORPORATE DEBT INSTRUMENTS,HEALTH CARE,A1,A+,A+,A+,A+,A+,A1,A1,A1,A1,,,,2.00,WD,WD,WD,WD,WD,WD,D,DAILY,F,CORP-GOVT,1,T,IDSI,CLOSE,B,BOND
MILLENNIUM TTF FI,713448EQ7,PEPSICO INC,2.250% 03/19/2025 DD 03/19/20,0.02,3/19/25,"3,500,000.00","3,497,515.00","3,352,650.00","-144,865.00",10/31/23,10/31/2023 10:33:21 PM,10/31/23,FIXED RATE,SEMI-ANNUAL,PepsiCo Inc,PepsiCo Inc,PEP,CORPORATE DEBT INSTRUMENTS,FOOD BEVERAGE & TOBACCO,A1,A+,A+,A+,A+,A+,A1,A1,A1,A1,BAA1,,,2.00,WD,WD,WD,WD,WD,WD,D,DAILY,F,CORP-GOVT,1,T,IDSI,CLOSE,B,BOND
MILLENNIUM TTF FI,91282CFM8,U S TREASURY NOTE,4.125% 09/30/2027 DD 09/30/22,0.04,9/30/27,"10,000,000.00","9,996,484.38","9,736,700.00","-259,784.38",10/31/23,10/31/2023 10:33:21 PM,10/31/23,FIXED RATE,SEMI-ANNUAL,United States of America,United States Treasury Note/Bond,T,U. S. GOVERNMENT SECURITIES,US GOVERNMENTS,AA+,AA+,AA+,AA+,AA+,,Aaa,Aaa,Aaa,Aaa,,,,1.00,AA+,F1+,AA+,F1+,AA+,F1+,D,DAILY,F,CORP-GOVT,1,T,IDSI,CLOSE,B,BOND
MILLENNIUM TTF FI,037833EB2,APPLE INC,0.700% 02/08/2026 DD 02/08/21,0.01,2/8/26,"6,000,000.00","5,986,500.00","5,419,140.00","-567,360.00",10/31/23,10/31/2023 10:33:21 PM,10/31/23,FIXED RATE,SEMI-ANNUAL,Apple Inc,Apple Inc,AAPL,CORPORATE DEBT INSTRUMENTS,TECHNOLOGY,AA+,AA+,AA+,AA+,AA+,AA+,Aaa,Aaa,Aaa,Aaa,AAA,,,2.00,,,,,,,D,DAILY,F,CORP-GOVT,1,T,IDSI,CLOSE,B,BOND
MILLENNIUM TTF FI,3130AKV29,FEDERAL HOME LN BK CONS BD,0.650% 08/04/2026 DD 02/04/21,0.01,8/4/26,"10,000,000.00","10,000,000.00","8,856,800.00","-1,143,200.00",10/31/23,10/31/2023 10:33:21 PM,10/31/23,FIXED RATE,SEMI-ANNUAL,United States of America,Federal Home Loan Banks,FHLB,U. S. GOVERNMENT SECURITIES,US AGENCIES,AA+,AA+,,AA+,AA+,AA+,Aaa,Aaa,Aaa,Aaa,AAA,,,2.00,,,AA+,F1+,AA+,F1+,D,DAILY,F,CORP-GOVT,1,T,IDSI,CLOSE,B,BOND
MILLENNIUM TTF FI,3133ELQ49,FEDERAL FARM CR BK CONS BD,0.700% 06/30/2025 DD 06/30/20,0.01,6/30/25,"13,000,000.00","13,000,000.00","12,048,660.00","-951,340.00",10/31/23,10/31/2023 10:33:21 PM,10/31/23,FIXED RATE,SEMI-ANNUAL,United States of America,Federal Farm Credit Banks Funding Corp,FFCB,U. S. GOVERNMENT SECURITIES,US AGENCIES,AA+,AA+,,AA+,AA+,AA+,Aaa,Aaa,Aaa,Aaa,WR,,,2.00,,F1+,AA+,F1+,AA+,F1+,D,DAILY,F,CORP-GOVT,1,T,IDSI,CLOSE,B,BOND
MILLENNIUM TTF FI,3133EMSW3,FEDERAL FARM CR BK CONS BD,1.400% 03/10/2028 DD 03/10/21,0.01,3/10/28,"17,500,000.00","17,500,000.00","14,977,550.00","-2,522,450.00",10/31/23,10/31/2023 10:33:21 PM,10/31/23,FIXED RATE,SEMI-ANNUAL,United States of America,Federal Farm Credit Banks Funding Corp,FFCB,U. S. GOVERNMENT SECURITIES,US AGENCIES,AA+,AA+,,AA+,AA+,AA+,Aaa,Aaa,Aaa,Aaa,AAA,,,2.00,,F1+,AA+,F1+,AA+,F1+,D,DAILY,F,CORP-GOVT,1,T,IDSI,CLOSE,G,MBS - MORTGAGE BACKED
MILLENNIUM TTF FI,3133EMTQ5,FEDERAL FARM CR BK CONS BD,0.700% 03/17/2025 DD 03/17/21,0.01,3/17/25,"20,000,000.00","19,973,500.00","18,747,000.00","-1,226,500.00",10/31/23,10/31/2023 10:33:21 PM,10/31/23,FIXED RATE,SEMI-ANNUAL,United States of America,Federal Farm Credit Banks Funding Corp,FFCB,U. S. GOVERNMENT SECURITIES,US AGENCIES,AA+,AA+,,AA+,AA+,AA+,Aaa,Aaa,Aaa,Aaa,AAA,,,2.00,,F1+,AA+,F1+,AA+,F1+,D,DAILY,F,CORP-GOVT,1,T,IDSI,CLOSE,G,MBS - MORTGAGE BACKED
MILLENNIUM TTF FI,3133ENXV7,FEDERAL FARM CR BK CONS BD,4.330% 06/02/2031 DD 06/02/22,0.04,6/2/31,"10,000,000.00","10,000,000.00","9,143,800.00","-856,200.00",10/31/23,10/31/2023 10:33:21 PM,10/31/23,FIXED RATE,SEMI-ANNUAL,United States of America,Federal Farm Credit Banks Funding Corp,FFCB,U. S. GOVERNMENT SECURITIES,US AGENCIES,AA+,AA+,,AA+,AA+,AA+,Aaa,Aaa,Aaa,Aaa,NR,,,2.00,,F1+,AA+,F1+,AA+,F1+,D,DAILY,F,CORP-GOVT,1,T,IDSI,CLOSE,G,MBS - MORTGAGE BACKED
MILLENNIUM TTF FI,3134GXHY3,FEDERAL HOME LN MTG CORP,0.750% 06/23/2026 DD 12/23/20,0.01,6/23/26,"14,000,000.00","13,866,720.00","12,502,840.00","-1,363,880.00",10/31/23,10/31/2023 10:33:21 PM,10/31/23,FIXED RATE,SEMI-ANNUAL,United States of America,Federal Home Loan Mortgage Corp,FHLMC,U. S. GOVERNMENT SECURITIES,US AGENCIES,AA+,AA+,NR,,AA+,,Aaa,Aaa,,Aaa,WR,,,2.00,AA+,F1+,,,AA+,F1+,D,DAILY,F,CORP-GOVT,1,T,IDSI,CLOSE,B,BOND
MILLENNIUM TTF FI,46514TYU6,ISRAEL ST,1.170% 08/01/2024 DD 08/01/21,0.01,8/1/24,"1,200,000.00","1,200,000.00","1,164,780.00","-35,220.00",10/31/23,10/31/2023 10:33:21 PM,10/31/23,FIXED RATE,SEMI-ANNUAL,ISRAEL ST,ISRAEL ST,,OTHER INVESTMENTS,NON-US GOVERNMENT BONDS,-,-,,,,,-,,,,,,,2.00,,,,,,,D,DAILY,F,CORP-GOVT,1,T,IDSI,CLOSE,B,BOND
MILLENNIUM TTF FI,494368BZ5,KIMBERLY-CLARK CORP,3.200% 04/25/2029 DD 04/25/19,0.03,4/25/29,"5,000,000.00","4,991,500.00","4,479,000.00","-512,500.00",10/31/23,10/31/2023 10:33:21 PM,10/31/23,FIXED RATE,SEMI-ANNUAL,Kimberly-Clark Corp,Kimberly-Clark Corp,KMB,CORPORATE DEBT INSTRUMENTS,HOUSEHOLD PRODUCTS,A2,A,A,A,A,A,A2,A2,A2,A2,A2,,,2.00,WD,WD,WD,WD,WD,WD,D,DAILY,F,CORP-GOVT,1,T,IDSI,CLOSE,B,BOND
MILLENNIUM TTF FI,742718GA1,PROCTER & GAMBLE CO/THE,4.050% 01/26/2033 DD 01/26/23,0.04,1/26/33,"5,000,000.00","4,999,600.00","4,562,750.00","-436,850.00",10/31/23,10/31/2023 10:33:21 PM,10/31/23,FIXED RATE,SEMI-ANNUAL,Procter & Gamble Co/The,Procter & Gamble Co/The,PG,CORPORATE DEBT INSTRUMENTS,HOUSEHOLD PRODUCTS,Aa3,AA-,AA-,AA-,AA-,AA-,Aa3,Aa3,Aa3,Aa3,WR,,,2.00,,NR,,NR,,NR,D,DAILY,F,CORP-GOVT,1,T,IDSI,CLOSE,B,BOND
MILLENNIUM TTF FI,882508BG8,TEXAS INSTRUMENTS INC,2.250% 09/04/2029 DD 09/04/19,0.02,9/4/29,"3,500,000.00","3,489,115.00","2,945,355.00","-543,760.00",10/31/23,10/31/2023 10:33:21 PM,10/31/23,FIXED RATE,SEMI-ANNUAL,Texas Instruments Inc,Texas Instruments Inc,TXN,CORPORATE DEBT INSTRUMENTS,TECHNOLOGY,A+,A+,A+,A+,A+,A+,Aa3,Aa3,Aa3,Aa3,,,,2.00,WD,WD,WD,WD,WD,WD,D,DAILY,F,CORP-GOVT,1,T,IDSI,CLOSE,B,BOND
MILLENNIUM TTF FI,91282CEX5,U S TREASURY NOTE,3.000% 06/30/2024 DD 06/30/22,0.03,6/30/24,"20,000,000.00","19,554,685.50","19,671,800.00","117,114.50",10/31/23,10/31/2023 10:33:21 PM,10/31/23,FIXED RATE,SEMI-ANNUAL,United States of America,United States Treasury Note/Bond,T,U. S. GOVERNMENT SECURITIES,US GOVERNMENTS,AA+,AA+,AA+,AA+,AA+,,Aaa,Aaa,Aaa,Aaa,,,,1.00,AA+,F1+,AA+,F1+,AA+,F1+,D,DAILY,F,CORP-GOVT,1,T,IDSI,CLOSE,B,BOND
MILLENNIUM TTF FI,91282CFB2,U S TREASURY NOTE,2.750% 07/31/2027 DD 07/31/22,0.03,7/31/27,"10,000,000.00","9,853,906.25","9,276,600.00","-577,306.25",10/31/23,10/31/2023 10:33:21 PM,10/31/23,FIXED RATE,SEMI-ANNUAL,United States of America,United States Treasury Note/Bond,T,U. S. GOVERNMENT SECURITIES,US GOVERNMENTS,AA+,AA+,AA+,AA+,AA+,,Aaa,Aaa,Aaa,Aaa,AA3,,,1.00,AA+,F1+,AA+,F1+,AA+,F1+,D,DAILY,F,CORP-GOVT,1,T,IDSI,CLOSE,B,BOND
MILLENNIUM TTF FI,91282CGL9,U S TREASURY NOTE,4.000% 02/15/2026 DD 02/15/23,0.04,2/15/26,"10,000,000.00","9,929,296.88","9,782,000.00","-147,296.88",10/31/23,10/31/2023 10:33:21 PM,10/31/23,FIXED RATE,SEMI-ANNUAL,United States of America,United States Treasury Note/Bond,T,U. S. GOVERNMENT SECURITIES,US GOVERNMENTS,AA+,AA+,AA+,AA+,AA+,,Aaa,Aaa,Aaa,Aaa,AA2,,,1.00,AA+,F1+,AA+,F1+,AA+,F1+,D,DAILY,F,CORP-GOVT,1,T,IDSI,CLOSE,B,BOND
MILLENNIUM TTF FI,,DREYFUS GOVT CAS MGMT INST 289,VAR RT  12/31/2075 DD 06/03/97,0.05,12/31/75,"128,628,128.92","128,628,128.92","128,628,128.92",0.00,10/31/23,10/31/2023 10:33:21 PM,10/31/23,VARIABLE RATE,MONTHLY,Bank of New York Mellon Corp/The,Dreyfus Government Cash Management Funds,,REGISTERED INVESTMENT COMPANIES,SHORT TERM INVESTMENT FUNDS (US REGULATED),-,-,,NR,A,,-,,WR,A1,,,,1.00,,,NR,NR,AA-,F1+,O,NOT APPLICABLE,V,MUT-FUND,5,BV,BOOK VALUE,,B,BOND
MILLENNIUM TTF MF,,DREYFUS GOVT CAS MGMT INST 289,VAR RT  12/31/2075 DD 06/03/97,0.05,12/31/75,"5,373.26","5,373.26","5,373.26",0.00,10/31/23,10/31/2023 10:33:21 PM,10/31/23,VARIABLE RATE,MONTHLY,Bank of New York Mellon Corp/The,Dreyfus Government Cash Management Funds,,REGISTERED INVESTMENT COMPANIES,SHORT TERM INVESTMENT FUNDS (US REGULATED),-,-,,NR,A,,-,,WR,A1,,,,1.00,,,NR,NR,AA-,F1+,O,NOT APPLICABLE,V,MUT-FUND,5,BV,BOOK VALUE,,B,BOND
MILLENNIUM TTF MF,922040407,VANGUARD INST TTL STK-INST+,,0.00,,"4,579,642.93","239,970,001.14","331,520,351.34","91,550,350.20",10/31/23,10/31/2023 10:33:21 PM,10/31/23,,INTEREST AT MAT OR NO INTEREST,Vanguard Group Inc/The,Vanguard Institutional Total Stock Market Index Fund,VITPX,REGISTERED INVESTMENT COMPANIES,US EQUITY INDEX FUNDS (US REGULATED),,,,,,,,,,,,,,1.00,,,,,,,D,DAILY,,COMMON,0,T,IDSI,BID,S,