Reporting Account Name,Cusip,Security Description1,Security Description2,Coupon Rate,Maturity Date,Shares,Base Cost,Base Market Value,Base Unrealized Gain/Loss,Holdings As Of Date,Acctg Status Update (CST),Price Date,Income Rate Type Desc,Payment Frequency Desc,Issuer Name,Base Issuer Name,Ticker,5500 Category Description,Asset Type Description,S&P Base LT Rating,S&P Parent LT Rating,S&P Ultimate LT Rating,S&P Quality Rating - Non GRS,Moody's Base LT Rating,Moody's Parent LT Rating,Moody's Ultimate LT Rating,Moody Quality Rating - Non GRS,Fitch Base LT Rating,Fitch Base ST Rating,Fitch Parent LT Rating,Fitch Parent ST Rating,Fitch Ultimate LT Rating,Fitch Ultimate ST Rating,Fair Value Hierarchy Level,Frequency Requirement,Frequency Requirement Desc,Income Rate Type,Issue Type Description,Payment Frequency,Price Source,Price Source Description,Price Type Description,Security Type,Security Type Description,Current Yield,Modified Duration,Yield to Call,Yield to Maturity,Option Adjusted Duration,YTM At Book,YTM At Market
LEQTF EQ-DIV,88579Y101,3M CO,,0.00,,"25,447.00","3,052,507.08","2,781,866.04","-270,641.04",12/29/23,12/30/2023 1:14:58 AM,12/29/23,,INTEREST AT MAT OR NO INTEREST,3M Co,3M Co,MMM,CORPORATE STOCK - COMMON,MISC MANUFACTURER,BBB+,BBB+,BBB+,NR,A3,A3,A3,,,,,,,,1.00,D,DAILY,,COMMON,0,T,IDSI,CLOSE,S,,,,,,,0.00,0.00
LEQTF EQ-DIV,871829107,SYSCO CORP,,0.00,,"23,411.00","843,444.59","1,712,046.43","868,601.84",12/29/23,12/30/2023 1:14:58 AM,12/29/23,,INTEREST AT MAT OR NO INTEREST,Sysco Corp,Sysco Corp,SYY,CORPORATE STOCK - COMMON,FOOD PROCESSING,BBB,BBB,BBB,NR,Baa1,Baa1,Baa1,P-3,BBB,F2,BBB,F2,BBB,F2,1.00,D,DAILY,,COMMON,0,T,IDSI,CLOSE,S,,,,,,,0.00,0.00
LEQTF EQ-DIV,717081103,PFIZER INC,,0.00,,"23,411.00","619,862.90","674,002.69","54,139.79",12/29/23,12/30/2023 1:14:58 AM,12/29/23,,INTEREST AT MAT OR NO INTEREST,Pfizer Inc,Pfizer Inc,PFE,CORPORATE STOCK - COMMON,PHARMACEUTICALS,A,A,A,NR,A2,A2,A2,P-3,A,F1,A,F1,A,F1,1.00,D,DAILY,,COMMON,0,T,IDSI,CLOSE,S,,,,,,,0.00,0.00
LEQTF EQ-DIV,166764100,CHEVRON CORP,,0.00,,"23,411.00","2,260,968.50","3,491,984.76","1,231,016.26",12/29/23,12/30/2023 1:14:58 AM,12/29/23,,INTEREST AT MAT OR NO INTEREST,Chevron Corp,Chevron Corp,CVX,CORPORATE STOCK - COMMON,OIL & GAS,AA-,AA-,AA-,NR,Aa2,Aa2,Aa2,,WD,WD,WD,WD,WD,WD,1.00,D,DAILY,,COMMON,0,T,IDSI,CLOSE,S,,,,,,,0.00,0.00
LEQTF EQ-DIV,,DREYFUS GOVT CAS MGMT INST 289,VAR RT  12/31/2075 DD 06/03/97,0.05,12/31/75,"1,515,211.45","1,515,211.45","1,515,211.45",0.00,12/29/23,12/30/2023 1:14:58 AM,12/29/23,VARIABLE RATE,MONTHLY,Bank of New York Mellon Corp/The,Dreyfus Government Cash Management Funds,,REGISTERED INVESTMENT COMPANIES,SHORT TERM INVESTMENT FUNDS (US REGULATED),,NR,A,,,WR,A1,,,,NR,NR,AA-,F1+,1.00,O,NOT APPLICABLE,V,MUT-FUND,5,BV,BOOK VALUE,,B,BOND,,,0.96,,,0.00,0.00
LEQTF EQ-DIV,205887102,CONAGRA BRANDS INC,,0.00,,"23,411.00","646,098.12","670,959.26","24,861.14",12/29/23,12/30/2023 1:14:58 AM,12/29/23,,INTEREST AT MAT OR NO INTEREST,Conagra Brands Inc,Conagra Brands Inc,CAG,CORPORATE STOCK - COMMON,FOOD PROCESSING,BBB-,BBB-,BBB-,NR,Baa3,Baa3,Baa3,,BBB-,F3,BBB-,F3,BBB-,F3,1.00,D,DAILY,,COMMON,0,T,IDSI,CLOSE,S,,,,,,,0.00,0.00
LEQTF EQ-DIV,370334104,GENERAL MILLS INC,,0.00,,"23,411.00","1,166,984.68","1,524,992.54","358,007.86",12/29/23,12/30/2023 1:14:58 AM,12/29/23,,INTEREST AT MAT OR NO INTEREST,General Mills Inc,General Mills Inc,GIS,CORPORATE STOCK - COMMON,FOOD PROCESSING,BBB,BBB,BBB,NR,Baa2,Baa2,Baa2,P-3,WD,WD,WD,WD,WD,WD,1.00,D,DAILY,,COMMON,0,T,IDSI,CLOSE,S,,,,,,,0.00,0.00
LEQTF EQ-DIV,532457108,ELI LILLY & CO,,0.00,,"23,411.00","1,518,483.79","13,646,740.12","12,128,256.33",12/29/23,12/30/2023 1:14:58 AM,12/29/23,,INTEREST AT MAT OR NO INTEREST,Eli Lilly & Co,Eli Lilly & Co,LLY,CORPORATE STOCK - COMMON,PHARMACEUTICALS,A+,A+,A+,NR,A1,A1,A1,,WD,WD,WD,WD,WD,WD,1.00,D,DAILY,,COMMON,0,T,IDSI,CLOSE,S,,,,,,,0.00,0.00
LEQTF EQ-DIV,594918104,MICROSOFT CORP,,0.00,,"23,411.00","955,633.98","8,803,472.44","7,847,838.46",12/29/23,12/30/2023 1:14:58 AM,12/29/23,,INTEREST AT MAT OR NO INTEREST,Microsoft Corp,Microsoft Corp,MSFT,CORPORATE STOCK - COMMON,SOFTWARE,AAA,AAA,AAA,NR,Aaa,Aaa,Aaa,P-3,WD,WD,WD,WD,WD,WD,1.00,D,DAILY,,COMMON,0,T,IDSI,CLOSE,S,,,,,,,0.00,0.00
LEQTF EQ-DIV,20825C104,CONOCOPHILLIPS,,0.00,,"23,411.00","1,156,017.04","2,717,314.77","1,561,297.73",12/29/23,12/30/2023 1:14:58 AM,12/29/23,,INTEREST AT MAT OR NO INTEREST,ConocoPhillips,ConocoPhillips,COP,CORPORATE STOCK - COMMON,OIL & GAS,A-,A-,A-,NR,A2,A2,A2,NR,A,WD,A,WD,A,WD,1.00,D,DAILY,,COMMON,0,T,IDSI,CLOSE,S,,,,,,,0.00,0.00
LEQTF EQ-DIV,842587107,SOUTHERN CO/THE,,0.00,,"23,411.00","1,052,925.86","1,641,579.32","588,653.46",12/29/23,12/30/2023 1:14:58 AM,12/29/23,,INTEREST AT MAT OR NO INTEREST,Southern Co/The,Southern Co/The,SO,CORPORATE STOCK - COMMON,ELECTRIC,BBB+,BBB+,BBB+,NR,Baa2,Baa2,Baa2,P-3,BBB+,F2,BBB+,F2,BBB+,F2,1.00,D,DAILY,,COMMON,0,T,IDSI,CLOSE,S,,,,,,,0.00,0.00
LEQTF EQ-DIV,89417E109,TRAVELERS COS INC/THE,,0.00,,"23,411.00","2,122,766.48","4,459,561.39","2,336,794.91",12/29/23,12/30/2023 1:14:58 AM,12/29/23,,INTEREST AT MAT OR NO INTEREST,Travelers Cos Inc/The,Travelers Cos Inc/The,TRV,CORPORATE STOCK - COMMON,INSURANCE,A,A,A,NR,A2,A2,A2,,A+,F1,A+,F1,A+,F1,1.00,D,DAILY,,COMMON,0,T,IDSI,CLOSE,S,,,,,,,0.00,0.00
LEQTF EQ-DIV,539830109,LOCKHEED MARTIN CORP,,0.00,,"23,411.00","3,508,737.25","10,610,801.64","7,102,064.39",12/29/23,12/30/2023 1:14:58 AM,12/29/23,,INTEREST AT MAT OR NO INTEREST,Lockheed Martin Corp,Lockheed Martin Corp,LMT,CORPORATE STOCK - COMMON,AEROSPACE/DEFENSE,A-,A-,A-,NR,A2,A2,A2,,A-,F1,A-,F1,A-,F1,1.00,D,DAILY,,COMMON,0,T,IDSI,CLOSE,S,,,,,,,0.00,0.00
LEQTF EQ-DIV,194162103,COLGATE-PALMOLIVE CO,,0.00,,"34,287.00","1,936,552.65","2,733,016.77","796,464.12",12/29/23,12/30/2023 1:14:58 AM,12/29/23,,INTEREST AT MAT OR NO INTEREST,Colgate-Palmolive Co,Colgate-Palmolive Co,CL,CORPORATE STOCK - COMMON,COSMETICS/PERSONAL CARE,AA-,AA-,AA-,NR,Aa3,Aa3,Aa3,,WD,WD,WD,WD,WD,WD,1.00,D,DAILY,,COMMON,0,T,IDSI,CLOSE,S,,,,,,,0.00,0.00
LEQTF EQ-DIV,487836108,KELLANOVA,,0.00,,"25,447.00","1,542,966.75","1,422,741.77","-120,224.98",12/29/23,12/30/2023 1:14:58 AM,12/29/23,,INTEREST AT MAT OR NO INTEREST,Kellanova,Kellanova,K,CORPORATE STOCK - COMMON,FOOD PROCESSING,BBB,BBB,BBB,NR,Baa2,Baa2,Baa2,P-3,BBB,F2,BBB,F2,BBB,F2,1.00,D,DAILY,,COMMON,0,T,IDSI,CLOSE,S,,,,,,,0.00,0.00
LEQTF EQ-DIV,478160104,JOHNSON & JOHNSON,,0.00,,"23,411.00","2,008,341.09","3,669,440.14","1,661,099.05",12/29/23,12/30/2023 1:14:58 AM,12/29/23,,INTEREST AT MAT OR NO INTEREST,Johnson & Johnson,Johnson & Johnson,JNJ,CORPORATE STOCK - COMMON,PHARMACEUTICALS,AAA,AAA,AAA,NR,Aaa,Aaa,Aaa,P-3,WD,WD,WD,WD,WD,WD,1.00,D,DAILY,,COMMON,0,T,IDSI,CLOSE,S,,,,,,,0.00,0.00
LEQTF EQ-DIV,233331107,DTE ENERGY CO,,0.00,,"23,411.00","1,392,116.29","2,581,296.86","1,189,180.57",12/29/23,12/30/2023 1:14:58 AM,12/29/23,,INTEREST AT MAT OR NO INTEREST,DTE Energy Co,DTE Energy Co,DTE,CORPORATE STOCK - COMMON,ELECTRIC,BBB+,BBB+,BBB+,NR,Baa2,Baa2,Baa2,,BBB,F2,BBB,F2,BBB,F2,1.00,D,DAILY,,COMMON,0,T,IDSI,CLOSE,S,,,,,,,0.00,0.00
LEQTF EQ-DIV,458140100,INTEL CORP,,0.00,,"23,411.00","647,662.01","1,176,402.75","528,740.74",12/29/23,12/30/2023 1:14:58 AM,12/29/23,,INTEREST AT MAT OR NO INTEREST,Intel Corp,Intel Corp,INTC,CORPORATE STOCK - COMMON,SEMICONDUCTORS,A,A,A,NR,A2,A2,A2,P-3,A-,F2,A-,F2,A-,F2,1.00,D,DAILY,,COMMON,0,T,IDSI,CLOSE,S,,,,,,,0.00,0.00
LEQTF EQ-DIV,025537101,AMERICAN ELECTRIC POWER CO INC,,0.00,,"23,411.00","1,186,061.92","1,901,441.42","715,379.50",12/29/23,12/30/2023 1:14:58 AM,12/29/23,,INTEREST AT MAT OR NO INTEREST,American Electric Power Co Inc,American Electric Power Co Inc,AEP,CORPORATE STOCK - COMMON,ELECTRIC,A-,A-,A-,NR,Baa2,Baa2,Baa2,P-3,BBB,WD,BBB,WD,BBB,WD,1.00,D,DAILY,,COMMON,0,T,IDSI,CLOSE,S,,,,,,,0.00,0.00
LEQTF EQ-DIV,191216100,COCA-COLA CO/THE,,0.00,,"27,450.00","1,076,343.43","1,617,628.50","541,285.07",12/29/23,12/30/2023 1:14:58 AM,12/29/23,,INTEREST AT MAT OR NO INTEREST,Coca-Cola Co/The,Coca-Cola Co/The,KO,CORPORATE STOCK - COMMON,BEVERAGES,A+,A+,A+,NR,A1,A1,A1,P-3,WD,WD,WD,WD,WD,WD,1.00,D,DAILY,,COMMON,0,T,IDSI,CLOSE,S,,,,,,,0.00,0.00
LEQTF EQ-DIV,742718109,PROCTER & GAMBLE CO/THE,,0.00,,"23,411.00","1,738,466.65","3,430,647.94","1,692,181.29",12/29/23,12/30/2023 1:14:58 AM,12/29/23,,INTEREST AT MAT OR NO INTEREST,Procter & Gamble Co/The,Procter & Gamble Co/The,PG,CORPORATE STOCK - COMMON,COSMETICS/PERSONAL CARE,AA-,AA-,AA-,NR,Aa3,Aa3,Aa3,P-3,,NR,,NR,,NR,1.00,D,DAILY,,COMMON,0,T,IDSI,CLOSE,S,,,,,,,0.00,0.00
LEQTF EQ-DIV,718546104,PHILLIPS 66,,0.00,,"23,411.00","1,580,058.97","3,116,940.54","1,536,881.57",12/29/23,12/30/2023 1:14:58 AM,12/29/23,,INTEREST AT MAT OR NO INTEREST,Phillips 66,Phillips 66,PSX,CORPORATE STOCK - COMMON,OIL & GAS,BBB+,BBB+,BBB+,NR,A3,A3,A3,,,,,,,,1.00,D,DAILY,,COMMON,0,T,IDSI,CLOSE,S,,,,,,,0.00,0.00
LEQTF EQ-DIV,580135101,MCDONALD'S CORP,,0.00,,"23,411.00","2,461,888.11","6,941,595.61","4,479,707.50",12/29/23,12/30/2023 1:14:58 AM,12/29/23,,INTEREST AT MAT OR NO INTEREST,McDonald's Corp,McDonald's Corp,MCD,CORPORATE STOCK - COMMON,RETAIL,BBB+,BBB+,BBB+,NR,Baa1,Baa1,Baa1,,WD,NR,WD,NR,WD,NR,1.00,D,DAILY,,COMMON,0,T,IDSI,CLOSE,S,,,,,,,0.00,0.00
LEQTF EQ-DIV,98389B100,XCEL ENERGY INC,,0.00,,"23,411.00","740,259.36","1,449,375.01","709,115.65",12/29/23,12/30/2023 1:14:58 AM,12/29/23,,INTEREST AT MAT OR NO INTEREST,Xcel Energy Inc,Xcel Energy Inc,XEL,CORPORATE STOCK - COMMON,ELECTRIC,A-,A-,A-,NR,Baa1,Baa1,Baa1,,BBB+,F2,BBB+,F2,BBB+,F2,1.00,D,DAILY,,COMMON,0,T,IDSI,CLOSE,S,,,,,,,0.00,0.00
LEQTF EQ-DIV,494368103,KIMBERLY-CLARK CORP,,0.00,,"23,411.00","2,431,974.73","2,844,670.61","412,695.88",12/29/23,12/30/2023 1:14:58 AM,12/29/23,,INTEREST AT MAT OR NO INTEREST,Kimberly-Clark Corp,Kimberly-Clark Corp,KMB,CORPORATE STOCK - COMMON,HOUSEHOLD PRODUCTS/WARES,A,A,A,NR,A2,A2,A2,,WD,WD,WD,WD,WD,WD,1.00,D,DAILY,,COMMON,0,T,IDSI,CLOSE,S,,,,,,,0.00,0.00
LEQTF EQ-DIV,189054109,CLOROX CO/THE,,0.00,,"23,411.00","2,383,295.40","3,338,174.49","954,879.09",12/29/23,12/30/2023 1:14:58 AM,12/29/23,,INTEREST AT MAT OR NO INTEREST,Clorox Co/The,Clorox Co/The,CLX,CORPORATE STOCK - COMMON,HOUSEHOLD PRODUCTS/WARES,BBB+,BBB+,BBB+,NR,Baa1,Baa1,Baa1,P-3,WD,WD,WD,WD,WD,WD,1.00,D,DAILY,,COMMON,0,T,IDSI,CLOSE,S,,,,,,,0.00,0.00
LEQTF EQ-DIV,30231G102,EXXON MOBIL CORP,,0.00,,"23,411.00","1,883,195.62","2,340,631.78","457,436.16",12/29/23,12/30/2023 1:14:58 AM,12/29/23,,INTEREST AT MAT OR NO INTEREST,Exxon Mobil Corp,Exxon Mobil Corp,XOM,CORPORATE STOCK - COMMON,OIL & GAS,AA-,AA-,AA-,NR,Aa2,Aa2,Aa2,,WD,WD,WD,WD,WD,WD,1.00,D,DAILY,,COMMON,0,T,IDSI,CLOSE,S,,,,,,,0.00,0.00
LEQTF EQ-DIV,437076102,HOME DEPOT INC/THE,,0.00,,"23,411.00","2,173,420.91","8,113,082.05","5,939,661.14",12/29/23,12/30/2023 1:14:58 AM,12/29/23,,INTEREST AT MAT OR NO INTEREST,Home Depot Inc/The,Home Depot Inc/The,HD,CORPORATE STOCK - COMMON,RETAIL,A,A,A,NR,A2,A2,A2,P-3,A,F1,A,F1,A,F1,1.00,D,DAILY,,COMMON,0,T,IDSI,CLOSE,S,,,,,,,0.00,0.00
LEQTF EQ-DIV,92942W107,WK KELLOGG CO,,0.00,,"6,915.00","103,881.00","90,863.10","-13,017.90",12/29/23,12/30/2023 1:14:58 AM,12/29/23,,INTEREST AT MAT OR NO INTEREST,WK Kellogg Co,WK Kellogg Co,KLG,CORPORATE STOCK - COMMON,FOOD PROCESSING,,,,,,,,,,,,,,,1.00,D,DAILY,,COMMON,0,T,IDSI,CLOSE,S,,,,,,,0.00,0.00
LEQTF EQ-DIV,744573106,PUBLIC SERVICE ENTERPRISE GROU,,0.00,,"23,411.00","835,678.15","1,431,582.65","595,904.50",12/29/23,12/30/2023 1:14:58 AM,12/29/23,,INTEREST AT MAT OR NO INTEREST,Public Service Enterprise Group Inc,Public Service Enterprise Group Inc,PEG,CORPORATE STOCK - COMMON,ELECTRIC,BBB+,BBB+,BBB+,NR,Baa2,Baa2,Baa2,P-3,WD,WD,WD,WD,WD,WD,1.00,D,DAILY,,COMMON,0,T,IDSI,CLOSE,S,,,,,,,0.00,0.00
LEQTF EQ-DIV,110122108,BRISTOL-MYERS SQUIBB CO,,0.00,,"23,411.00","1,166,418.69","1,201,218.41","34,799.72",12/29/23,12/30/2023 1:14:58 AM,12/29/23,,INTEREST AT MAT OR NO INTEREST,Bristol-Myers Squibb Co,Bristol-Myers Squibb Co,BMY,CORPORATE STOCK - COMMON,PHARMACEUTICALS,A,A,A,NR,A2,A2,A2,,WD,WD,WD,WD,WD,WD,1.00,D,DAILY,,COMMON,0,T,IDSI,CLOSE,S,,,,,,,0.00,0.00
LEQTF EQ-DIV,314211103,FEDERATED HERMES INC,,0.00,,"23,411.00","595,031.35","792,696.46","197,665.11",12/29/23,12/30/2023 1:14:58 AM,12/29/23,,INTEREST AT MAT OR NO INTEREST,Federated Hermes Inc,Federated Hermes Inc,FHI,CORPORATE STOCK - COMMON,DIVERSIFIED FINANCIAL SERVICES,,,,NR,,,,,,,,,,,1.00,D,DAILY,,COMMON,0,T,IDSI,CLOSE,S,,,,,,,0.00,0.00
LEQTF EQ-DIV,921946406,VANGUARD HIGH DVD YIELD ETF,,0.00,,"36,370.00","3,999,943.54","4,059,983.10","60,039.56",12/29/23,12/30/2023 1:14:58 AM,12/29/23,,INTEREST AT MAT OR NO INTEREST,Vanguard Group Inc/The,Vanguard High Dividend Yield ETF,VYM,REGISTERED INVESTMENT COMPANIES,US EQUITY INDEX ETF (US REGULATED),,,,,,,,,,,,,,,1.00,D,DAILY,,COMMON,0,T,IDSI,CLOSE,S,,,,,,,0.00,0.00
LEQTF EQ-DIV,58933Y105,MERCK & CO INC,,0.00,,"23,411.00","1,036,216.26","2,552,267.22","1,516,050.96",12/29/23,12/30/2023 1:14:58 AM,12/29/23,,INTEREST AT MAT OR NO INTEREST,Merck & Co Inc,Merck & Co Inc,MRK,CORPORATE STOCK - COMMON,PHARMACEUTICALS,A+,A+,A+,NR,A1,A1,A1,,WD,WD,WD,WD,WD,WD,1.00,D,DAILY,,COMMON,0,T,IDSI,CLOSE,S,,,,,,,0.00,0.00
LEQTF EQ-DIV,713448108,PEPSICO INC,,0.00,,"23,411.00","2,001,171.98","3,976,124.24","1,974,952.26",12/29/23,12/30/2023 1:14:58 AM,12/29/23,,INTEREST AT MAT OR NO INTEREST,PepsiCo Inc,PepsiCo Inc,PEP,CORPORATE STOCK - COMMON,BEVERAGES,A+,A+,A+,NR,A1,A1,A1,P-3,WD,WD,WD,WD,WD,WD,1.00,D,DAILY,,COMMON,0,T,IDSI,CLOSE,S,,,,,,,0.00,0.00
LEQTF FIXED INCOME,3134H1KV4,FEDERAL HOME LN MTG CORP,5.750% 12/07/2026 DD 12/07/23,0.06,12/7/26,"10,000,000.00","10,000,000.00","10,021,500.00","21,500.00",12/29/23,12/30/2023 1:14:58 AM,12/29/23,FIXED RATE,SEMI-ANNUAL,United States of America,Federal Home Loan Mortgage Corp,FHLMC,U. S. GOVERNMENT SECURITIES,US AGENCIES,NR,,AA+,AA+,Aaa,,Aaa,NR,AA+,F1+,,,AA+,F1+,2.00,D,DAILY,F,CORP-GOVT,1,T,IDSI,CLOSE,B,BOND,5.74,,5.35,5.69,,0.00,0.00
LEQTF FIXED INCOME,3133ELQ49,FEDERAL FARM CR BK CONS BD,0.700% 06/30/2025 DD 06/30/20,0.01,6/30/25,"13,000,000.00","13,000,000.00","12,255,750.00","-744,250.00",12/29/23,12/30/2023 1:14:58 AM,12/29/23,FIXED RATE,SEMI-ANNUAL,United States of America,Federal Farm Credit Banks Funding Corp,FFCB,U. S. GOVERNMENT SECURITIES,US AGENCIES,,AA+,AA+,AA+,Aaa,Aaa,Aaa,AAA,,F1+,AA+,F1+,AA+,F1+,2.00,D,DAILY,F,CORP-GOVT,1,T,IDSI,CLOSE,B,BOND,0.74,,50.00,4.74,,0.00,0.00
LEQTF FIXED INCOME,023135BW5,AMAZON.COM INC,0.450% 05/12/2024 DD 05/12/21,0.00,5/12/24,"2,000,000.00","1,997,080.00","1,964,680.00","-32,400.00",12/29/23,12/30/2023 1:14:58 AM,12/29/23,FIXED RATE,SEMI-ANNUAL,Amazon.com Inc,Amazon.com Inc,AMZN,CORPORATE DEBT INSTRUMENTS,COMMUNICATIONS,AA,AA,AA,AA,A1,A1,A1,AAA,AA-,F1+,AA-,F1+,AA-,F1+,2.00,D,DAILY,F,CORP-GOVT,1,T,IDSI,CLOSE,B,BOND,0.46,,5.36,5.36,,0.00,0.00
LEQTF FIXED INCOME,3133EMWH1,FEDERAL FARM CR BK CONS BD,0.710% 04/21/2025 DD 04/21/21,0.01,4/21/25,"20,000,000.00","19,990,000.00","18,972,400.00","-1,017,600.00",12/29/23,12/30/2023 1:14:58 AM,12/29/23,FIXED RATE,SEMI-ANNUAL,United States of America,Federal Farm Credit Banks Funding Corp,FFCB,U. S. GOVERNMENT SECURITIES,US AGENCIES,,AA+,AA+,AA+,Aaa,Aaa,Aaa,AAA,,F1+,AA+,F1+,AA+,F1+,2.00,D,DAILY,F,CORP-GOVT,1,T,IDSI,CLOSE,G,MBS - MORTGAGE BACKED,0.75,,50.00,4.86,,0.00,0.00
LEQTF FIXED INCOME,472319AC6,JEFFERIES FINANCIAL GROUP INC,6.250% 01/15/2036 DD 01/26/06,0.06,1/15/36,"5,000,000.00","4,995,000.00","5,264,050.00","269,050.00",12/29/23,12/30/2023 1:14:58 AM,12/29/23,FIXED RATE,SEMI-ANNUAL,Jefferies Financial Group Inc,Jefferies Financial Group Inc,JEF,CORPORATE DEBT INSTRUMENTS,BANKING & FINANCE,BBB,BBB,BBB,BBB,Baa2,Baa2,Baa2,BAA3,BBB+,F2,BBB+,F2,BBB+,F2,2.00,D,DAILY,F,CORP-GOVT,1,T,IDSI,CLOSE,B,BOND,5.93,,5.63,5.63,,0.00,0.00
LEQTF FIXED INCOME,023135BZ8,AMAZON.COM INC,2.100% 05/12/2031 DD 05/12/21,0.02,5/12/31,"15,000,000.00","14,997,300.00","12,938,100.00","-2,059,200.00",12/29/23,12/30/2023 1:14:58 AM,12/29/23,FIXED RATE,SEMI-ANNUAL,Amazon.com Inc,Amazon.com Inc,AMZN,CORPORATE DEBT INSTRUMENTS,COMMUNICATIONS,AA,AA,AA,AA,A1,A1,A1,AAA,AA-,F1+,AA-,F1+,AA-,F1+,2.00,D,DAILY,F,CORP-GOVT,1,T,IDSI,CLOSE,B,BOND,2.43,,4.35,4.28,,0.00,0.00
LEQTF FIXED INCOME,362320BA0,GTE CORP,6.940% 04/15/2028 DD 04/15/98,0.07,4/15/28,"25,000,000.00","25,559,300.00","26,801,000.00","1,241,700.00",12/29/23,12/30/2023 1:14:58 AM,12/29/23,FIXED RATE,SEMI-ANNUAL,Verizon Communications Inc,GTE Corp,VZ,CORPORATE DEBT INSTRUMENTS,UTILITY - TELEPHONE,NR,,BBB+,BBB+,Baa2,,Baa1,BAA2,A-,NR,WD,,A-,F1,2.00,D,DAILY,F,CORP-GOVT,1,T,IDSI,CLOSE,B,BOND,6.46,,4.99,4.99,,0.00,0.00
LEQTF FIXED INCOME,3130AMU67,FEDERAL HOME LN BK CONS BD,0.400% 06/28/2024 DD 06/28/21,0.00,6/28/24,"22,000,000.00","22,000,000.00","21,487,400.00","-512,600.00",12/29/23,12/30/2023 1:14:58 AM,12/29/23,FIXED RATE,SEMI-ANNUAL,United States of America,Federal Home Loan Banks,FHLB,U. S. GOVERNMENT SECURITIES,US AGENCIES,,AA+,AA+,AA+,Aaa,Aaa,Aaa,AAA,,,AA+,F1+,AA+,F1+,2.00,D,DAILY,F,CORP-GOVT,1,T,IDSI,CLOSE,B,BOND,0.41,,10.17,5.29,,0.00,0.00
LEQTF FIXED INCOME,037833EC0,APPLE INC,1.200% 02/08/2028 DD 02/08/21,0.01,2/8/28,"10,000,000.00","9,975,900.00","8,902,100.00","-1,073,800.00",12/29/23,12/30/2023 1:14:58 AM,12/29/23,FIXED RATE,SEMI-ANNUAL,Apple Inc,Apple Inc,AAPL,CORPORATE DEBT INSTRUMENTS,TECHNOLOGY,AA+,AA+,AA+,AA+,Aaa,Aaa,Aaa,,,,,,,,2.00,D,DAILY,F,CORP-GOVT,1,T,IDSI,CLOSE,B,BOND,1.35,,4.29,4.17,,0.00,0.00
LEQTF FIXED INCOME,3133EMLR1,FEDERAL FARM CR BK CONS BD,0.500% 12/23/2025 DD 12/23/20,0.01,12/23/25,"9,000,000.00","8,997,300.00","8,316,450.00","-680,850.00",12/29/23,12/30/2023 1:14:58 AM,12/29/23,FIXED RATE,SEMI-ANNUAL,United States of America,Federal Farm Credit Banks Funding Corp,FFCB,U. S. GOVERNMENT SECURITIES,US AGENCIES,,AA+,AA+,AA+,Aaa,Aaa,Aaa,AAA,,F1+,AA+,F1+,AA+,F1+,2.00,D,DAILY,F,CORP-GOVT,1,T,IDSI,CLOSE,B,BOND,0.54,,50.00,4.41,,0.00,0.00
LEQTF FIXED INCOME,3133EPVS1,FEDERAL FARM CR BK CONS BD,5.290% 09/15/2027 DD 09/15/23,0.05,9/15/27,"10,000,000.00","10,000,000.00","10,066,400.00","66,400.00",12/29/23,12/30/2023 1:14:58 AM,12/29/23,FIXED RATE,SEMI-ANNUAL,United States of America,Federal Farm Credit Banks Funding Corp,FFCB,U. S. GOVERNMENT SECURITIES,US AGENCIES,,AA+,AA+,AA+,Aaa,Aaa,Aaa,AAA,,F1+,AA+,F1+,AA+,F1+,2.00,D,DAILY,F,CORP-GOVT,1,T,IDSI,CLOSE,G,MBS - MORTGAGE BACKED,5.26,,4.89,5.09,,0.00,0.00
LEQTF FIXED INCOME,36158FAA8,SWISS RE AMERICA HOLDING CORP,7.000% 02/15/2026 DD 02/26/96,0.07,2/15/26,"25,000,000.00","26,792,850.00","25,869,000.00","-923,850.00",12/29/23,12/30/2023 1:14:58 AM,12/29/23,FIXED RATE,SEMI-ANNUAL,Swiss Re AG,Swiss Re America Holding Corp,SRENVX,CORPORATE DEBT INSTRUMENTS,INSURANCE,A,AA-,A,A,,Aa3,(P)A2,A2,,,A,,A-,,2.00,D,DAILY,F,CORP-GOVT,1,T,IDSI,CLOSE,B,BOND,6.77,,5.30,5.30,,0.00,0.00
LEQTF FIXED INCOME,548661EL7,LOWE'S COS INC,5.000% 04/15/2033 DD 09/08/22,0.05,4/15/33,"1,500,000.00","1,496,220.00","1,531,650.00","35,430.00",12/29/23,12/30/2023 1:14:58 AM,12/29/23,FIXED RATE,SEMI-ANNUAL LONG,Lowe's Cos Inc,Lowe's Cos Inc,LOW,CORPORATE DEBT INSTRUMENTS,RETAIL,BBB+,BBB+,BBB+,BBB+,Baa1,Baa1,Baa1,BAA1,WD,WD,WD,WD,WD,WD,2.00,D,DAILY,F,CORP-GOVT,2,T,IDSI,CLOSE,B,BOND,4.89,,4.70,4.71,,0.00,0.00
LEQTF FIXED INCOME,3135G06R9,FEDERAL NATL MTG ASSN,0.550% 01/28/2026 DD 01/28/21,0.01,1/28/26,"15,000,000.00","15,000,000.00","13,884,450.00","-1,115,550.00",12/29/23,12/30/2023 1:14:58 AM,12/29/23,FIXED RATE,SEMI-ANNUAL,United States of America,Federal National Mortgage Association,FNMA,U. S. GOVERNMENT SECURITIES,US AGENCIES,,AA+,AA+,AA+,Aaa,Aaa,Aaa,AAA,AA+,F1+,AA+,F1+,AA+,F1+,2.00,D,DAILY,F,CORP-GOVT,1,T,IDSI,CLOSE,B,BOND,0.60,,50.00,4.37,,0.00,0.00
LEQTF FIXED INCOME,037833DX5,APPLE INC,0.550% 08/20/2025 DD 08/20/20,0.01,8/20/25,"3,000,000.00","2,992,920.00","2,819,760.00","-173,160.00",12/29/23,12/30/2023 1:14:58 AM,12/29/23,FIXED RATE,SEMI-ANNUAL,Apple Inc,Apple Inc,AAPL,CORPORATE DEBT INSTRUMENTS,TECHNOLOGY,AA+,AA+,AA+,AA+,Aaa,Aaa,Aaa,,,,,,,,2.00,D,DAILY,F,CORP-GOVT,1,T,IDSI,CLOSE,B,BOND,0.59,,4.63,4.42,,0.00,0.00
LEQTF FIXED INCOME,3130AMK92,FEDERAL HOME LN BK CONS BD,0.550% 11/26/2024 DD 05/26/21,0.01,11/26/24,"15,000,000.00","15,000,000.00","14,415,300.00","-584,700.00",12/29/23,12/30/2023 1:14:58 AM,12/29/23,FIXED RATE,SEMI-ANNUAL,United States of America,Federal Home Loan Banks,FHLB,U. S. GOVERNMENT SECURITIES,US AGENCIES,,AA+,AA+,AA+,Aaa,Aaa,Aaa,AAA,,,AA+,F1+,AA+,F1+,2.00,D,DAILY,F,CORP-GOVT,1,T,IDSI,CLOSE,B,BOND,0.57,,26.31,5.08,,0.00,0.00
LEQTF FIXED INCOME,3133EPAT2,FEDERAL FARM CR BK CONS BD,5.600% 02/14/2030 DD 02/14/23,0.06,2/14/30,"10,000,000.00","10,000,000.00","9,923,800.00","-76,200.00",12/29/23,12/30/2023 1:14:58 AM,12/29/23,FIXED RATE,SEMI-ANNUAL,United States of America,Federal Farm Credit Banks Funding Corp,FFCB,U. S. GOVERNMENT SECURITIES,US AGENCIES,,AA+,AA+,AA+,Aaa,Aaa,Aaa,AAA,,F1+,AA+,F1+,AA+,F1+,2.00,D,DAILY,F,CORP-GOVT,1,T,IDSI,CLOSE,G,MBS - MORTGAGE BACKED,5.65,,46.05,5.76,,0.00,0.00
LEQTF FIXED INCOME,38143VAA7,GOLDMAN SACHS CAPITAL I,6.345% 02/15/2034 DD 02/20/04,0.06,2/15/34,"5,000,000.00","5,098,000.00","5,263,300.00","165,300.00",12/29/23,12/30/2023 1:14:58 AM,12/29/23,FIXED RATE,SEMI-ANNUAL,Goldman Sachs Group Inc/The,Goldman Sachs Capital I,GS,CORPORATE STOCK - PREFERRED,TRUST PREFERRED SHARES - FINANCIAL,,BBB+,BBB+,BB+,Baa3,A2,A2,BAA3,,,A,F1,A,F1,2.00,D,DAILY,F,CORP-GOVT,1,T,IDSI,CLOSE,B,BOND,6.07,,5.75,5.75,,0.00,0.00
LEQTF FIXED INCOME,594918BR4,MICROSOFT CORP,2.400% 08/08/2026 DD 08/08/16,0.02,8/8/26,"3,000,000.00","2,994,420.00","2,858,880.00","-135,540.00",12/29/23,12/30/2023 1:14:58 AM,12/29/23,FIXED RATE,SEMI-ANNUAL,Microsoft Corp,Microsoft Corp,MSFT,CORPORATE DEBT INSTRUMENTS,TECHNOLOGY,AAA,AAA,AAA,AAA,Aaa,Aaa,Aaa,AAA,WD,WD,WD,WD,WD,WD,2.00,D,DAILY,F,CORP-GOVT,1,T,IDSI,CLOSE,B,BOND,2.52,,4.62,4.40,,0.00,0.00
LEQTF FIXED INCOME,438516BW5,HONEYWELL INTERNATIONAL INC,2.300% 08/15/2024 DD 08/08/19,0.02,8/15/24,"3,000,000.00","2,993,790.00","2,946,420.00","-47,370.00",12/29/23,12/30/2023 1:14:58 AM,12/29/23,FIXED RATE,SEMI-ANNUAL LONG,Honeywell International Inc,Honeywell International Inc,HON,CORPORATE DEBT INSTRUMENTS,TECHNOLOGY,A,A,A,A,A2,A2,A2,A2,A,F1,A,F1,A,F1,2.00,D,DAILY,F,CORP-GOVT,2,T,IDSI,CLOSE,B,BOND,2.34,,5.69,5.24,,0.00,0.00
LEQTF FIXED INCOME,117043AG4,BRUNSWICK CORP/DE,7.125% 08/01/2027 DD 08/04/97,0.07,8/1/27,"15,000,000.00","14,886,900.00","15,623,550.00","736,650.00",12/29/23,12/30/2023 1:14:58 AM,12/29/23,FIXED RATE,SEMI-ANNUAL,Brunswick Corp/DE,Brunswick Corp/DE,BC,CORPORATE DEBT INSTRUMENTS,LEISURE TIME,BBB-,BBB-,BBB-,BBB-,Baa2,Baa2,Baa2,BA2,BBB,,BBB,,BBB,,2.00,D,DAILY,F,CORP-GOVT,1,T,IDSI,CLOSE,B,BOND,6.85,,5.85,5.85,,0.00,0.00
LEQTF FIXED INCOME,46513JEB3,ISRAEL ST,2.280% 02/01/2025 DD 02/01/20,0.02,2/1/25,"2,500,000.00","2,500,000.00","2,432,225.00","-67,775.00",12/29/23,12/30/2023 1:14:58 AM,12/29/23,FIXED RATE,SEMI-ANNUAL,ISRAEL ST,ISRAEL ST,,OTHER INVESTMENTS,NON-US GOVERNMENT BONDS,,,,,,,,,,,,,,,2.00,D,DAILY,F,CORP-GOVT,1,T,IDSI,CLOSE,B,BOND,2.34,,35.73,4.86,,0.00,0.00
LEQTF FIXED INCOME,46514TNH7,ISRAEL ST,1.020% 08/01/2024 DD 08/01/21,0.01,8/1/24,"3,700,000.00","3,700,000.00","3,619,229.00","-80,771.00",12/29/23,12/30/2023 1:14:58 AM,12/29/23,FIXED RATE,SEMI-ANNUAL,ISRAEL ST,ISRAEL ST,,OTHER INVESTMENTS,NON-US GOVERNMENT BONDS,,,,,,,,,,,,,,,2.00,D,DAILY,F,CORP-GOVT,1,T,IDSI,CLOSE,B,BOND,1.04,,27.90,4.80,,0.00,0.00
LEQTF FIXED INCOME,00206RHY1,AT&T INC,6.625% 05/15/2029 DD 05/15/19,0.07,5/15/29,"25,000,000.00","30,870,250.00","26,710,750.00","-4,159,500.00",12/29/23,12/30/2023 1:14:58 AM,12/29/23,FIXED RATE,SEMI-ANNUAL,AT&T Inc,AT&T Inc,T,CORPORATE DEBT INSTRUMENTS,UTILITY - TELEPHONE,BBB,BBB,BBB,BBB,Baa2,Baa2,Baa2,BAA2,BBB+,F2,BBB+,F2,BBB+,F2,2.00,D,DAILY,F,CORP-GOVT,1,T,IDSI,CLOSE,B,BOND,6.18,,5.07,5.07,,0.00,0.00
LEQTF FIXED INCOME,3130ACUP7,FEDERAL HOME LN BK CONS BD,3.200% 11/29/2032 DD 11/29/17,0.03,11/29/32,"5,000,000.00","5,000,000.00","4,514,850.00","-485,150.00",12/29/23,12/30/2023 1:14:58 AM,12/29/23,FIXED RATE,SEMI-ANNUAL,United States of America,Federal Home Loan Banks,FHLB,U. S. GOVERNMENT SECURITIES,US AGENCIES,,AA+,AA+,AA+,Aaa,Aaa,Aaa,AAA,,,AA+,F1+,AA+,F1+,2.00,D,DAILY,F,CORP-GOVT,1,T,IDSI,CLOSE,B,BOND,3.54,,50.00,4.52,,0.00,0.00
LEQTF FIXED INCOME,716973AD4,PFIZER INVESTMENT ENTERPRISES,4.650% 05/19/2030 DD 05/19/23,0.05,5/19/30,"5,000,000.00","4,991,150.00","5,041,450.00","50,300.00",12/29/23,12/30/2023 1:14:58 AM,12/29/23,FIXED RATE,SEMI-ANNUAL,Pfizer Inc,Pfizer Investment Enterprises Pte Ltd,PFE,CORPORATE DEBT INSTRUMENTS,HEALTH CARE,,A,A,A,A2,A2,A2,WR,,,A,F1,A,F1,2.00,D,DAILY,F,CORP-GOVT,1,T,IDSI,CLOSE,B,BOND,4.62,,4.51,4.52,,0.00,0.00
LEQTF FIXED INCOME,3133EMQQ8,FEDERAL FARM CR BK CONS BD,0.300% 11/12/2024 DD 02/12/21,0.00,11/12/24,"22,000,000.00","21,916,400.00","21,137,160.00","-779,240.00",12/29/23,12/30/2023 1:14:58 AM,12/29/23,FIXED RATE,SEMI-ANNUAL,United States of America,Federal Farm Credit Banks Funding Corp,FFCB,U. S. GOVERNMENT SECURITIES,US AGENCIES,,AA+,AA+,AA+,Aaa,Aaa,Aaa,AAA,,F1+,AA+,F1+,AA+,F1+,2.00,D,DAILY,F,CORP-GOVT,1,T,IDSI,CLOSE,B,BOND,0.31,,50.00,5.05,,0.00,0.00
LEQTF FIXED INCOME,110122DU9,BRISTOL-MYERS SQUIBB CO,2.950% 03/15/2032 DD 03/02/22,0.03,3/15/32,"3,500,000.00","3,487,295.00","3,115,245.00","-372,050.00",12/29/23,12/30/2023 1:14:58 AM,12/29/23,FIXED RATE,SEMI-ANNUAL LONG,Bristol-Myers Squibb Co,Bristol-Myers Squibb Co,BMY,CORPORATE DEBT INSTRUMENTS,HEALTH CARE,A,A,A,A,A2,A2,A2,,WD,WD,WD,WD,WD,WD,2.00,D,DAILY,F,CORP-GOVT,2,T,IDSI,CLOSE,B,BOND,3.31,,4.61,4.56,,0.00,0.00
LEQTF FIXED INCOME,25746UAN9,DOMINION ENERGY INC,6.300% 03/15/2033 DD 03/06/03,0.06,3/15/33,"10,000,000.00","10,000,000.00","10,714,800.00","714,800.00",12/29/23,12/30/2023 1:14:58 AM,12/29/23,FIXED RATE,SEMI-ANNUAL LONG,Dominion Energy Inc,Dominion Energy Inc,D,CORPORATE DEBT INSTRUMENTS,UTILITY - ELECTRIC,BBB+,BBB+,BBB+,BBB,Baa2,Baa2,Baa2,BAA2,BBB+,F2,BBB+,F2,BBB+,F2,2.00,D,DAILY,F,CORP-GOVT,2,T,IDSI,CLOSE,B,BOND,5.87,,5.29,5.29,,0.00,0.00
LEQTF FIXED INCOME,3133ENBK5,FEDERAL FARM CR BK CONS BD,1.140% 10/20/2026 DD 10/20/21,0.01,10/20/26,"30,000,000.00","29,928,000.00","27,495,600.00","-2,432,400.00",12/29/23,12/30/2023 1:14:58 AM,12/29/23,FIXED RATE,SEMI-ANNUAL,United States of America,Federal Farm Credit Banks Funding Corp,FFCB,U. S. GOVERNMENT SECURITIES,US AGENCIES,,AA+,AA+,AA+,Aaa,Aaa,Aaa,AAA,,F1+,AA+,F1+,AA+,F1+,2.00,D,DAILY,F,CORP-GOVT,1,T,IDSI,CLOSE,G,MBS - MORTGAGE BACKED,1.25,,50.00,4.37,,0.00,0.00
LEQTF FIXED INCOME,3128PSSZ1,FHLMC   POOL #J1-3236,3.500% 10/01/2025 DD 10/01/10,0.04,10/1/25,"101,607.90","104,910.16","100,074.64","-4,835.52",12/29/23,12/30/2023 1:14:58 AM,12/29/23,FIXED RATE,MONTHLY,United States of America,Freddie Mac Gold Pool,FG,U. S. GOVERNMENT SECURITIES,FHLMC POOLS,,NR,AA+,,,Aaa,Aaa,,,,AA+,F1+,AA+,F1+,2.00,D,DAILY,F,FHLMC,5,IC,ICE-CMO,CLOSE,G,MBS - MORTGAGE BACKED,3.57,,6.03,6.03,,0.00,0.00
LEQTF FIXED INCOME,254687FK7,WALT DISNEY CO/THE,1.750% 08/30/2024 DD 09/06/19,0.02,8/30/24,"5,000,000.00","4,979,600.00","4,883,050.00","-96,550.00",12/29/23,12/30/2023 1:14:58 AM,12/29/23,FIXED RATE,SEMI-ANNUAL,Walt Disney Co/The,Walt Disney Co/The,DIS,CORPORATE DEBT INSTRUMENTS,COMMUNICATIONS,A-,A-,A-,A-,A2,A2,A2,AAA,A-,F2,A-,F2,A-,F2,2.00,D,DAILY,F,CORP-GOVT,1,T,IDSI,CLOSE,B,BOND,1.79,,5.89,5.39,,0.00,0.00
LEQTF FIXED INCOME,713448EQ7,PEPSICO INC,2.250% 03/19/2025 DD 03/19/20,0.02,3/19/25,"3,500,000.00","3,497,515.00","3,400,110.00","-97,405.00",12/29/23,12/30/2023 1:14:58 AM,12/29/23,FIXED RATE,SEMI-ANNUAL,PepsiCo Inc,PepsiCo Inc,PEP,CORPORATE DEBT INSTRUMENTS,FOOD BEVERAGE & TOBACCO,A+,A+,A+,A+,A1,A1,A1,BAA1,WD,WD,WD,WD,WD,WD,2.00,D,DAILY,F,CORP-GOVT,1,T,IDSI,CLOSE,B,BOND,2.32,,4.90,4.72,,0.00,0.00
LEQTF FIXED INCOME,458140BD1,INTEL CORP,2.875% 05/11/2024 DD 05/11/17,0.03,5/11/24,"5,000,000.00","4,998,750.00","4,950,950.00","-47,800.00",12/29/23,12/30/2023 1:14:58 AM,12/29/23,FIXED RATE,SEMI-ANNUAL,Intel Corp,Intel Corp,INTC,CORPORATE DEBT INSTRUMENTS,TECHNOLOGY,A,A,A,A,A2,A2,A2,,A-,F2,A-,F2,A-,F2,2.00,D,DAILY,F,CORP-GOVT,1,T,IDSI,CLOSE,B,BOND,2.91,,8.02,5.71,,0.00,0.00
LEQTF FIXED INCOME,254687FL5,WALT DISNEY CO/THE,2.000% 09/01/2029 DD 09/06/19,0.02,9/1/29,"5,000,000.00","4,925,850.00","4,438,300.00","-487,550.00",12/29/23,12/30/2023 1:14:58 AM,12/29/23,FIXED RATE,SEMI-ANNUAL,Walt Disney Co/The,Walt Disney Co/The,DIS,CORPORATE DEBT INSTRUMENTS,COMMUNICATIONS,A-,A-,A-,A-,A2,A2,A2,AAA,A-,F2,A-,F2,A-,F2,2.00,D,DAILY,F,CORP-GOVT,1,T,IDSI,CLOSE,B,BOND,2.26,,4.36,4.26,,0.00,0.00
LEQTF FIXED INCOME,931142EM1,WALMART INC,3.050% 07/08/2026 DD 04/23/19,0.03,7/8/26,"5,000,000.00","4,993,400.00","4,853,650.00","-139,750.00",12/29/23,12/30/2023 1:14:58 AM,12/29/23,FIXED RATE,SEMI-ANNUAL,Walmart Inc,Walmart Inc,WMT,CORPORATE DEBT INSTRUMENTS,RETAIL,AA,AA,AA,AA,Aa2,Aa2,Aa2,WR,AA,F1+,AA,F1+,AA,F1+,2.00,D,DAILY,F,CORP-GOVT,1,T,IDSI,CLOSE,B,BOND,3.14,,4.40,4.31,,0.00,0.00
LEQTF FIXED INCOME,717081EA7,PFIZER INC,3.000% 12/15/2026 DD 11/21/16,0.03,12/15/26,"5,000,000.00","4,957,400.00","4,820,400.00","-137,000.00",12/29/23,12/30/2023 1:14:58 AM,12/29/23,FIXED RATE,SEMI-ANNUAL LONG,Pfizer Inc,Pfizer Inc,PFE,CORPORATE DEBT INSTRUMENTS,HEALTH CARE,A,A,A,A,A2,A2,A2,AAA,A,F1,A,F1,A,F1,2.00,D,DAILY,F,CORP-GOVT,2,T,IDSI,CLOSE,B,BOND,3.11,,4.33,4.33,,0.00,0.00
LEQTF FIXED INCOME,3133EMLQ3,FEDERAL FARM CR BK CONS BD,0.330% 12/23/2024 DD 12/23/20,0.00,12/23/24,"3,000,000.00","3,000,000.00","2,869,320.00","-130,680.00",12/29/23,12/30/2023 1:14:58 AM,12/29/23,FIXED RATE,SEMI-ANNUAL,United States of America,Federal Farm Credit Banks Funding Corp,FFCB,U. S. GOVERNMENT SECURITIES,US AGENCIES,,AA+,AA+,AA+,Aaa,Aaa,Aaa,AAA,,F1+,AA+,F1+,AA+,F1+,2.00,D,DAILY,F,CORP-GOVT,1,T,IDSI,CLOSE,B,BOND,0.35,,50.00,5.01,,0.00,0.00
LEQTF FIXED INCOME,3134GWZG4,FEDERAL HOME LN MTG CORP,0.600% 10/20/2025 DD 10/20/20,0.01,10/20/25,"15,000,000.00","15,000,000.00","13,990,050.00","-1,009,950.00",12/29/23,12/30/2023 1:14:58 AM,12/29/23,FIXED RATE,SEMI-ANNUAL,United States of America,Federal Home Loan Mortgage Corp,FHLMC,U. S. GOVERNMENT SECURITIES,US AGENCIES,NR,,AA+,,Aaa,,Aaa,AAA,AA+,F1+,,,AA+,F1+,2.00,D,DAILY,F,CORP-GOVT,1,T,IDSI,CLOSE,B,BOND,0.64,,50.00,4.55,,0.00,0.00
LEQTF FIXED INCOME,3133ENWU0,FEDERAL FARM CR BK CONS BD,4.300% 05/17/2032 DD 05/17/22,0.04,5/17/32,"5,000,000.00","5,000,000.00","4,766,800.00","-233,200.00",12/29/23,12/30/2023 1:14:58 AM,12/29/23,FIXED RATE,SEMI-ANNUAL,United States of America,Federal Farm Credit Banks Funding Corp,FFCB,U. S. GOVERNMENT SECURITIES,US AGENCIES,,AA+,AA+,AA+,Aaa,Aaa,Aaa,AAA,,F1+,AA+,F1+,AA+,F1+,2.00,D,DAILY,F,CORP-GOVT,1,T,IDSI,CLOSE,G,MBS - MORTGAGE BACKED,4.51,,50.00,4.97,,0.00,0.00
LEQTF FIXED INCOME,3133ENYK0,FEDERAL FARM CR BK CONS BD,4.450% 06/08/2032 DD 06/08/22,0.04,6/8/32,"5,000,000.00","5,000,000.00","4,770,450.00","-229,550.00",12/29/23,12/30/2023 1:14:58 AM,12/29/23,FIXED RATE,SEMI-ANNUAL,United States of America,Federal Farm Credit Banks Funding Corp,FFCB,U. S. GOVERNMENT SECURITIES,US AGENCIES,,AA+,AA+,AA+,Aaa,Aaa,Aaa,AAA,,F1+,AA+,F1+,AA+,F1+,2.00,D,DAILY,F,CORP-GOVT,1,T,IDSI,CLOSE,G,MBS - MORTGAGE BACKED,4.66,,50.00,5.11,,0.00,0.00
LEQTF FIXED INCOME,3133EPK46,FEDERAL FARM CR BK CONS BD,5.730% 12/06/2028 DD 12/06/23,0.06,12/6/28,"10,000,000.00","9,990,000.00","9,990,000.00",0.00,12/29/23,12/30/2023 1:14:58 AM,1/1/00,FIXED RATE,SEMI-ANNUAL,United States of America,Federal Farm Credit Banks Funding Corp,FFCB,U. S. GOVERNMENT SECURITIES,US AGENCIES,,AA+,AA+,AA+,Aaa,Aaa,Aaa,AAA,,F1+,AA+,F1+,AA+,F1+,2.00,D,DAILY,F,CORP-GOVT,1,B1,COST AS DEFAULT,,G,MBS - MORTGAGE BACKED,,,,,,0.00,0.00
LEQTF FIXED INCOME,68389XAU9,ORACLE CORP,3.400% 07/08/2024 DD 07/08/14,0.03,7/8/24,"5,000,000.00","4,994,850.00","4,941,350.00","-53,500.00",12/29/23,12/30/2023 1:14:58 AM,12/29/23,FIXED RATE,SEMI-ANNUAL,Oracle Corp,Oracle Corp,ORCL,CORPORATE DEBT INSTRUMENTS,TECHNOLOGY,BBB,BBB,BBB,BBB,Baa2,Baa2,Baa2,A1,BBB,F2,BBB,F2,BBB,F2,2.00,D,DAILY,F,CORP-GOVT,1,T,IDSI,CLOSE,B,BOND,3.44,,7.80,5.70,,0.00,0.00
LEQTF FIXED INCOME,3133EMSG8,FEDERAL FARM CR BK CONS BD,1.100% 03/03/2027 DD 03/03/21,0.01,3/3/27,"20,000,000.00","19,978,000.00","18,170,800.00","-1,807,200.00",12/29/23,12/30/2023 1:14:58 AM,12/29/23,FIXED RATE,SEMI-ANNUAL,United States of America,Federal Farm Credit Banks Funding Corp,FFCB,U. S. GOVERNMENT SECURITIES,US AGENCIES,,AA+,AA+,AA+,Aaa,Aaa,Aaa,AAA,,F1+,AA+,F1+,AA+,F1+,2.00,D,DAILY,F,CORP-GOVT,1,T,IDSI,CLOSE,G,MBS - MORTGAGE BACKED,1.21,,50.00,4.25,,0.00,0.00
LEQTF FIXED INCOME,806854AJ4,SCHLUMBERGER INVESTMENT SA,2.650% 06/26/2030 DD 06/26/20,0.03,6/26/30,"4,000,000.00","3,984,320.00","3,599,720.00","-384,600.00",12/29/23,12/30/2023 1:14:58 AM,12/29/23,FIXED RATE,SEMI-ANNUAL,Schlumberger NV,Schlumberger Investment SA,SLB,CORPORATE DEBT INSTRUMENTS,OIL & GAS,,A,A,A,A2,A2,A2,A2,,,,,,,2.00,D,DAILY,F,CORP-GOVT,1,T,IDSI,CLOSE,B,BOND,2.94,,4.50,4.43,,0.00,0.00
LEQTF FIXED INCOME,91282CEX5,U S TREASURY NOTE,3.000% 06/30/2024 DD 06/30/22,0.03,6/30/24,"5,000,000.00","4,888,671.38","4,947,650.00","58,978.62",12/29/23,12/30/2023 1:14:58 AM,12/29/23,FIXED RATE,SEMI-ANNUAL,United States of America,United States Treasury Note/Bond,T,U. S. GOVERNMENT SECURITIES,US GOVERNMENTS,AA+,AA+,AA+,,Aaa,Aaa,Aaa,AAA,AA+,F1+,AA+,F1+,AA+,F1+,1.00,D,DAILY,F,CORP-GOVT,1,T,IDSI,CLOSE,B,BOND,3.03,,5.18,5.18,,0.00,0.00
LEQTF FIXED INCOME,46514BDU8,ISRAEL ST,5.740% 10/01/2028 DD 10/15/23,0.06,10/1/28,"2,500,000.00","2,500,000.00","2,499,975.00",-25.00,12/29/23,12/30/2023 1:14:58 AM,12/29/23,FIXED RATE,SEMI-ANNUAL,ISRAEL ST,ISRAEL ST,,OTHER INVESTMENTS,NON-US GOVERNMENT BONDS,,,,,,,,,,,,,,,2.00,D,DAILY,F,CORP-GOVT,1,T,IDSI,CLOSE,B,BOND,5.74,,5.61,5.74,,0.00,0.00
LEQTF FIXED INCOME,,DREYFUS GOVT CAS MGMT INST 289,VAR RT  12/31/2075 DD 06/03/97,0.05,12/31/75,"91,010,948.80","91,010,948.80","91,010,948.80",0.00,12/29/23,12/30/2023 1:14:58 AM,12/29/23,VARIABLE RATE,MONTHLY,Bank of New York Mellon Corp/The,Dreyfus Government Cash Management Funds,,REGISTERED INVESTMENT COMPANIES,SHORT TERM INVESTMENT FUNDS (US REGULATED),,NR,A,,,WR,A1,,,,NR,NR,AA-,F1+,1.00,O,NOT APPLICABLE,V,MUT-FUND,5,BV,BOOK VALUE,,B,BOND,,,0.96,,,0.00,0.00
LEQTF FIXED INCOME,3133EMMN9,FEDERAL FARM CR BK CONS BD,0.190% 01/11/2024 DD 01/11/21,0.00,1/11/24,"20,000,000.00","19,982,400.00","19,972,200.00","-10,200.00",12/29/23,12/30/2023 1:14:58 AM,12/29/23,FIXED RATE,SEMI-ANNUAL,United States of America,Federal Farm Credit Banks Funding Corp,FFCB,U. S. GOVERNMENT SECURITIES,US AGENCIES,,AA+,AA+,AA+,Aaa,Aaa,Aaa,AAA,,F1+,AA+,F1+,AA+,F1+,2.00,D,DAILY,F,CORP-GOVT,1,T,IDSI,CLOSE,B,BOND,0.19,,10.69,5.85,,0.00,0.00
LEQTF FIXED INCOME,097023BJ3,BOEING CO/THE,2.500% 03/01/2025 DD 02/20/15,0.03,3/1/25,"1,000,000.00","975,890.00","967,710.00","-8,180.00",12/29/23,12/30/2023 1:14:58 AM,12/29/23,FIXED RATE,SEMI-ANNUAL LONG,Boeing Co/The,Boeing Co/The,BA,CORPORATE DEBT INSTRUMENTS,AEROSPACE & DEFENSE,BBB-,BBB-,BBB-,BBB-,Baa2,Baa2,Baa2,A2,BBB-,F3,BBB-,F3,BBB-,F3,2.00,D,DAILY,F,CORP-GOVT,2,T,IDSI,CLOSE,B,BOND,2.59,,6.27,5.44,,0.00,0.00
LEQTF FIXED INCOME,3133EMYN6,FEDERAL FARM CR BK CONS BD,0.710% 05/06/2025 DD 05/06/21,0.01,5/6/25,"16,000,000.00","16,000,000.00","15,182,080.00","-817,920.00",12/29/23,12/30/2023 1:14:58 AM,12/29/23,FIXED RATE,SEMI-ANNUAL,United States of America,Federal Farm Credit Banks Funding Corp,FFCB,U. S. GOVERNMENT SECURITIES,US AGENCIES,,AA+,AA+,AA+,Aaa,Aaa,Aaa,AAA,,F1+,AA+,F1+,AA+,F1+,2.00,D,DAILY,F,CORP-GOVT,1,T,IDSI,CLOSE,G,MBS - MORTGAGE BACKED,0.75,,50.00,4.71,,0.00,0.00
LEQTF FIXED INCOME,3134GXHY3,FEDERAL HOME LN MTG CORP,0.750% 06/23/2026 DD 12/23/20,0.01,6/23/26,"14,000,000.00","13,866,720.00","12,831,700.00","-1,035,020.00",12/29/23,12/30/2023 1:14:58 AM,12/29/23,FIXED RATE,SEMI-ANNUAL,United States of America,Federal Home Loan Mortgage Corp,FHLMC,U. S. GOVERNMENT SECURITIES,US AGENCIES,NR,,AA+,,Aaa,,Aaa,AAA,AA+,F1+,,,AA+,F1+,2.00,D,DAILY,F,CORP-GOVT,1,T,IDSI,CLOSE,B,BOND,0.82,,41.46,4.51,,0.00,0.00
LEQTF FIXED INCOME,3130AKV29,FEDERAL HOME LN BK CONS BD,0.650% 08/04/2026 DD 02/04/21,0.01,8/4/26,"10,000,000.00","10,000,000.00","9,106,100.00","-893,900.00",12/29/23,12/30/2023 1:14:58 AM,12/29/23,FIXED RATE,SEMI-ANNUAL,United States of America,Federal Home Loan Banks,FHLB,U. S. GOVERNMENT SECURITIES,US AGENCIES,,AA+,AA+,AA+,Aaa,Aaa,Aaa,AAA,,,AA+,F1+,AA+,F1+,2.00,D,DAILY,F,CORP-GOVT,1,T,IDSI,CLOSE,B,BOND,0.71,,50.00,4.25,,0.00,0.00
LEQTF FIXED INCOME,478160CJ1,JOHNSON & JOHNSON,2.625% 01/15/2025 DD 11/10/17,0.03,1/15/25,"5,000,000.00","4,999,150.00","4,895,650.00","-103,500.00",12/29/23,12/30/2023 1:14:58 AM,12/29/23,FIXED RATE,SEMI-ANNUAL LONG,Johnson & Johnson,Johnson & Johnson,JNJ,CORPORATE DEBT INSTRUMENTS,HEALTH CARE,AAA,AAA,AAA,AAA,Aaa,Aaa,Aaa,AAA,WD,WD,WD,WD,WD,WD,2.00,D,DAILY,F,CORP-GOVT,2,T,IDSI,CLOSE,B,BOND,2.68,,5.14,4.74,,0.00,0.00
LEQTF FIXED INCOME,3133EPVZ5,FEDERAL FARM CR BK CONS BD,5.670% 09/18/2029 DD 09/18/23,0.06,9/18/29,"5,000,000.00","4,976,000.00","5,067,650.00","91,650.00",12/29/23,12/30/2023 1:14:58 AM,12/29/23,FIXED RATE,SEMI-ANNUAL,United States of America,Federal Farm Credit Banks Funding Corp,FFCB,U. S. GOVERNMENT SECURITIES,US AGENCIES,,AA+,AA+,AA+,Aaa,Aaa,Aaa,AAA,,F1+,AA+,F1+,AA+,F1+,2.00,D,DAILY,F,CORP-GOVT,1,T,IDSI,CLOSE,G,MBS - MORTGAGE BACKED,5.60,,4.85,5.40,,0.00,0.00
LEQTF FIXED INCOME,854502AQ4,STANLEY BLACK & DECKER INC,3.000% 05/15/2032 DD 02/24/22,0.03,5/15/32,"2,500,000.00","2,495,250.00","2,159,700.00","-335,550.00",12/29/23,12/30/2023 1:14:58 AM,12/29/23,FIXED RATE,SEMI-ANNUAL,Stanley Black & Decker Inc,Stanley Black & Decker Inc,SWK,CORPORATE DEBT INSTRUMENTS,INDUSTRIAL,A-,A-,A-,A-,Baa3,Baa3,Baa3,CAA1,BBB+,F2,BBB+,F2,BBB+,F2,2.00,D,DAILY,F,CORP-GOVT,1,T,IDSI,CLOSE,B,BOND,3.47,,5.07,5.01,,0.00,0.00
LEQTF FIXED INCOME,46514VDU4,ISRAEL ST,5.040% 10/01/2027 DD 10/15/22,0.05,10/1/27,"5,000,000.00","5,000,000.00","5,000,000.00",0.00,12/29/23,12/30/2023 1:14:58 AM,12/29/23,FIXED RATE,INTEREST AT MAT OR NO INTEREST,ISRAEL ST,ISRAEL ST,,OTHER INVESTMENTS,NON-US GOVERNMENT BONDS,,,,,,,,,,,,,,,2.00,D,DAILY,F,CORP-GOVT,0,T,IDSI,CLOSE,B,BOND,5.04,,4.97,5.04,,0.00,0.00
LEQTF FIXED INCOME,3133EMHF2,FEDERAL FARM CR BK CONS BD,0.600% 11/24/2025 DD 11/24/20,0.01,11/24/25,"12,000,000.00","11,986,800.00","11,115,600.00","-871,200.00",12/29/23,12/30/2023 1:14:58 AM,12/29/23,FIXED RATE,SEMI-ANNUAL,United States of America,Federal Farm Credit Banks Funding Corp,FFCB,U. S. GOVERNMENT SECURITIES,US AGENCIES,,AA+,AA+,AA+,Aaa,Aaa,Aaa,AAA,,F1+,AA+,F1+,AA+,F1+,2.00,D,DAILY,F,CORP-GOVT,1,T,IDSI,CLOSE,B,BOND,0.65,,50.00,4.74,,0.00,0.00
LEQTF FIXED INCOME,911312BL9,UNITED PARCEL SERVICE INC,2.800% 11/15/2024 DD 11/14/17,0.03,11/15/24,"5,000,000.00","4,982,350.00","4,900,600.00","-81,750.00",12/29/23,12/30/2023 1:14:58 AM,12/29/23,FIXED RATE,SEMI-ANNUAL LONG,United Parcel Service Inc,United Parcel Service Inc,UPS,CORPORATE DEBT INSTRUMENTS,TRANSPORTATION,A,A,A,A,A2,A2,A2,BAA3,,,,,,,2.00,D,DAILY,F,CORP-GOVT,2,T,IDSI,CLOSE,B,BOND,2.86,,5.70,5.15,,0.00,0.00
LEQTF FIXED INCOME,3133EMAB8,FEDERAL FARM CR BK CONS BD,0.390% 06/17/2024 DD 09/17/20,0.00,6/17/24,"13,500,000.00","13,486,500.00","13,198,005.00","-288,495.00",12/29/23,12/30/2023 1:14:58 AM,12/29/23,FIXED RATE,SEMI-ANNUAL,United States of America,Federal Farm Credit Banks Funding Corp,FFCB,U. S. GOVERNMENT SECURITIES,US AGENCIES,,AA+,AA+,AA+,Aaa,Aaa,Aaa,AAA,,F1+,AA+,F1+,AA+,F1+,2.00,D,DAILY,F,CORP-GOVT,1,T,IDSI,CLOSE,B,BOND,0.40,,50.00,5.43,,0.00,0.00
LEQTF FIXED INCOME,3133EMYZ9,FEDERAL FARM CR BK CONS BD,1.400% 05/11/2028 DD 05/11/21,0.01,5/11/28,"5,000,000.00","5,000,000.00","4,462,800.00","-537,200.00",12/29/23,12/30/2023 1:14:58 AM,12/29/23,FIXED RATE,SEMI-ANNUAL,United States of America,Federal Farm Credit Banks Funding Corp,FFCB,U. S. GOVERNMENT SECURITIES,US AGENCIES,,AA+,AA+,AA+,Aaa,Aaa,Aaa,AAA,,F1+,AA+,F1+,AA+,F1+,2.00,D,DAILY,F,CORP-GOVT,1,T,IDSI,CLOSE,G,MBS - MORTGAGE BACKED,1.58,,50.00,4.21,,0.00,0.00
LEQTF FIXED INCOME,3133EMKZ4,FEDERAL FARM CR BK CONS BD,0.790% 06/21/2027 DD 12/21/20,0.01,6/21/27,"22,000,000.00","21,992,500.00","19,614,980.00","-2,377,520.00",12/29/23,12/30/2023 1:14:58 AM,12/29/23,FIXED RATE,SEMI-ANNUAL,United States of America,Federal Farm Credit Banks Funding Corp,FFCB,U. S. GOVERNMENT SECURITIES,US AGENCIES,,AA+,AA+,AA+,Aaa,Aaa,Aaa,AAA,,F1+,AA+,F1+,AA+,F1+,2.00,D,DAILY,F,CORP-GOVT,1,T,IDSI,CLOSE,B,BOND,0.89,,50.00,4.16,,0.00,0.00
LEQTF FIXED INCOME,3133EPXF7,FEDERAL FARM CR BK CONS BD,6.150% 10/02/2030 DD 10/02/23,0.06,10/2/30,"10,000,000.00","10,000,000.00","10,064,300.00","64,300.00",12/29/23,12/30/2023 1:14:58 AM,12/29/23,FIXED RATE,SEMI-ANNUAL,United States of America,Federal Farm Credit Banks Funding Corp,FFCB,U. S. GOVERNMENT SECURITIES,US AGENCIES,,AA+,AA+,AA+,Aaa,Aaa,Aaa,AAA,,F1+,AA+,F1+,AA+,F1+,2.00,D,DAILY,F,CORP-GOVT,1,T,IDSI,CLOSE,G,MBS - MORTGAGE BACKED,6.11,,23.71,6.03,,0.00,0.00
LEQTF FIXED INCOME,437076CS9,HOME DEPOT INC/THE,4.500% 09/15/2032 DD 09/19/22,0.05,9/15/32,"1,500,000.00","1,498,215.00","1,532,925.00","34,710.00",12/29/23,12/30/2023 1:14:58 AM,12/29/23,FIXED RATE,SEMI-ANNUAL,Home Depot Inc/The,Home Depot Inc/The,HD,CORPORATE DEBT INSTRUMENTS,RETAIL,A,A,A,A,A2,A2,A2,A2,A,F1,A,F1,A,F1,2.00,D,DAILY,F,CORP-GOVT,1,T,IDSI,CLOSE,B,BOND,4.40,,4.18,4.18,,0.00,0.00
LEQTF FIXED INCOME,46514TYU6,ISRAEL ST,1.170% 08/01/2024 DD 08/01/21,0.01,8/1/24,"1,300,000.00","1,300,000.00","1,272,726.00","-27,274.00",12/29/23,12/30/2023 1:14:58 AM,12/29/23,FIXED RATE,SEMI-ANNUAL,ISRAEL ST,ISRAEL ST,,OTHER INVESTMENTS,NON-US GOVERNMENT BONDS,,,,,,,,,,,,,,,2.00,D,DAILY,F,CORP-GOVT,1,T,IDSI,CLOSE,B,BOND,1.20,,26.98,4.81,,0.00,0.00
LEQTF FIXED INCOME,3133ELCK8,FEDERAL FARM CR BK CONS BD,2.580% 12/04/2034 DD 12/04/19,0.03,12/4/34,"10,000,000.00","10,000,000.00","8,244,900.00","-1,755,100.00",12/29/23,12/30/2023 1:14:58 AM,12/29/23,FIXED RATE,SEMI-ANNUAL,United States of America,Federal Farm Credit Banks Funding Corp,FFCB,U. S. GOVERNMENT SECURITIES,US AGENCIES,,AA+,AA+,AA+,Aaa,Aaa,Aaa,AAA,,F1+,AA+,F1+,AA+,F1+,2.00,D,DAILY,F,CORP-GOVT,1,T,IDSI,CLOSE,B,BOND,3.13,,24.67,4.64,,0.00,0.00
LEQTF FIXED INCOME,907818GB8,UNION PACIFIC CORP,4.500% 01/20/2033 DD 09/09/22,0.05,1/20/33,"5,000,000.00","4,983,050.00","5,037,200.00","54,150.00",12/29/23,12/30/2023 1:14:58 AM,12/29/23,FIXED RATE,SEMI-ANNUAL,Union Pacific Corp,Union Pacific Corp,UNP,CORPORATE DEBT INSTRUMENTS,TRANSPORTATION,A-,A-,A-,A-,A3,A3,A3,A1,A-,F1,A-,F1,A-,F1,2.00,D,DAILY,F,CORP-GOVT,1,T,IDSI,CLOSE,B,BOND,4.45,,4.36,4.36,,0.00,0.00
LEQTF FIXED INCOME,3133EME40,FEDERAL FARM CR BK CONS BD,0.330% 06/03/2024 DD 06/03/21,0.00,6/3/24,"20,000,000.00","19,992,000.00","19,576,800.00","-415,200.00",12/29/23,12/30/2023 1:14:58 AM,12/29/23,FIXED RATE,SEMI-ANNUAL,United States of America,Federal Farm Credit Banks Funding Corp,FFCB,U. S. GOVERNMENT SECURITIES,US AGENCIES,,AA+,AA+,AA+,Aaa,Aaa,Aaa,AAA,,F1+,AA+,F1+,AA+,F1+,2.00,D,DAILY,F,CORP-GOVT,1,T,IDSI,CLOSE,G,MBS - MORTGAGE BACKED,0.34,,50.00,5.46,,0.00,0.00
LEQTF FIXED INCOME,3133EPBZ7,FEDERAL FARM CR BK CONS BD,5.100% 02/28/2028 DD 02/28/23,0.05,2/28/28,"5,000,000.00","5,000,000.00","5,030,600.00","30,600.00",12/29/23,12/30/2023 1:14:58 AM,12/29/23,FIXED RATE,SEMI-ANNUAL,United States of America,Federal Farm Credit Banks Funding Corp,FFCB,U. S. GOVERNMENT SECURITIES,US AGENCIES,,AA+,AA+,AA+,Aaa,Aaa,Aaa,AAA,,F1+,AA+,F1+,AA+,F1+,2.00,D,DAILY,F,CORP-GOVT,1,T,IDSI,CLOSE,G,MBS - MORTGAGE BACKED,5.07,,4.57,4.94,,0.00,0.00
LEQTF FIXED INCOME,3133EPYC3,FEDERAL FARM CR BK CONS BD,5.360% 10/20/2027 DD 10/20/23,0.05,10/20/27,"10,000,000.00","9,995,000.00","10,151,200.00","156,200.00",12/29/23,12/30/2023 1:14:58 AM,12/29/23,FIXED RATE,SEMI-ANNUAL,United States of America,Federal Farm Credit Banks Funding Corp,FFCB,U. S. GOVERNMENT SECURITIES,US AGENCIES,,AA+,AA+,AA+,Aaa,Aaa,Aaa,AAA,,F1+,AA+,F1+,AA+,F1+,2.00,D,DAILY,F,CORP-GOVT,1,T,IDSI,CLOSE,G,MBS - MORTGAGE BACKED,5.28,,4.49,4.92,,0.00,0.00
LEQTF FIXED INCOME,023135BX3,AMAZON.COM INC,1.000% 05/12/2026 DD 05/12/21,0.01,5/12/26,"2,000,000.00","1,991,360.00","1,848,300.00","-143,060.00",12/29/23,12/30/2023 1:14:58 AM,12/29/23,FIXED RATE,SEMI-ANNUAL,Amazon.com Inc,Amazon.com Inc,AMZN,CORPORATE DEBT INSTRUMENTS,COMMUNICATIONS,AA,AA,AA,AA,A1,A1,A1,AAA,AA-,F1+,AA-,F1+,AA-,F1+,2.00,D,DAILY,F,CORP-GOVT,1,T,IDSI,CLOSE,B,BOND,1.08,,4.56,4.43,,0.00,0.00
LEQTF FIXED INCOME,3134GWUG9,FEDERAL HOME LN MTG CORP,0.570% 09/24/2025 DD 09/24/20,0.01,9/24/25,"13,000,000.00","12,766,000.00","12,164,880.00","-601,120.00",12/29/23,12/30/2023 1:14:58 AM,12/29/23,FIXED RATE,SEMI-ANNUAL,United States of America,Federal Home Loan Mortgage Corp,FHLMC,U. S. GOVERNMENT SECURITIES,US AGENCIES,NR,,AA+,,Aaa,,Aaa,AAA,AA+,F1+,,,AA+,F1+,2.00,D,DAILY,F,CORP-GOVT,1,T,IDSI,CLOSE,B,BOND,0.61,,29.82,4.52,,0.00,0.00
LEQTF FIXED INCOME,037833EB2,APPLE INC,0.700% 02/08/2026 DD 02/08/21,0.01,2/8/26,"7,000,000.00","6,984,250.00","6,485,430.00","-498,820.00",12/29/23,12/30/2023 1:14:58 AM,12/29/23,FIXED RATE,SEMI-ANNUAL,Apple Inc,Apple Inc,AAPL,CORPORATE DEBT INSTRUMENTS,TECHNOLOGY,AA+,AA+,AA+,AA+,Aaa,Aaa,Aaa,AAA,,,,,,,2.00,D,DAILY,F,CORP-GOVT,1,T,IDSI,CLOSE,B,BOND,0.76,,4.57,4.42,,0.00,0.00
LEQTF FIXED INCOME,3133EN4K3,FEDERAL FARM CR BK CONS BD,5.330% 12/20/2027 DD 12/20/22,0.05,12/20/27,"5,000,000.00","5,000,000.00","4,972,850.00","-27,150.00",12/29/23,12/30/2023 1:14:58 AM,12/29/23,FIXED RATE,SEMI-ANNUAL,United States of America,Federal Farm Credit Banks Funding Corp,FFCB,U. S. GOVERNMENT SECURITIES,US AGENCIES,,AA+,AA+,AA+,Aaa,Aaa,Aaa,AAA,,F1+,AA+,F1+,AA+,F1+,2.00,D,DAILY,F,CORP-GOVT,1,T,IDSI,CLOSE,G,MBS - MORTGAGE BACKED,5.36,,35.37,5.49,,0.00,0.00
LEQTF FIXED INCOME,983024AF7,WYETH LLC,6.450% 02/01/2024 DD 12/16/03,0.06,2/1/24,"10,000,000.00","9,982,200.00","10,003,600.00","21,400.00",12/29/23,12/30/2023 1:14:58 AM,12/29/23,FIXED RATE,SEMI-ANNUAL LONG,Pfizer Inc,Wyeth LLC,PFE,CORPORATE DEBT INSTRUMENTS,HEALTH CARE,NR,A,A,A,A2,A2,A2,A1,A,,A,F1,A,F1,2.00,D,DAILY,F,CORP-GOVT,2,T,IDSI,CLOSE,B,BOND,6.45,,5.91,5.91,,0.00,0.00
LEQTF FIXED INCOME,713448FS2,PEPSICO INC,4.450% 02/15/2033 DD 02/15/23,0.04,2/15/33,"2,000,000.00","1,997,280.00","2,052,060.00","54,780.00",12/29/23,12/30/2023 1:14:58 AM,12/29/23,FIXED RATE,SEMI-ANNUAL,PepsiCo Inc,PepsiCo Inc,PEP,CORPORATE DEBT INSTRUMENTS,FOOD BEVERAGE & TOBACCO,A+,A+,A+,A+,A1,A1,A1,BAA1,WD,WD,WD,WD,WD,WD,2.00,D,DAILY,F,CORP-GOVT,1,T,IDSI,CLOSE,B,BOND,4.33,,4.09,4.10,,0.00,0.00
LEQTF FIXED INCOME,911684AD0,UNITED STATES CELLULAR CORP,6.700% 12/15/2033 DD 12/08/03,0.07,12/15/33,"13,000,000.00","13,191,540.00","13,247,260.00","55,720.00",12/29/23,12/30/2023 1:14:58 AM,12/29/23,FIXED RATE,SEMI-ANNUAL LONG,Telephone and Data Systems Inc,United States Cellular Corp,USM,CORPORATE DEBT INSTRUMENTS,UTILITY - TELEPHONE,BB,BB,BB,BB,Ba2,Ba1,Ba1,BA1,BB+,,BB+,,BB+,,2.00,D,DAILY,F,CORP-GOVT,2,T,IDSI,CLOSE,B,BOND,6.55,,6.37,6.37,,0.00,0.00
LEQTF FIXED INCOME,3133EMTQ5,FEDERAL FARM CR BK CONS BD,0.700% 03/17/2025 DD 03/17/21,0.01,3/17/25,"20,000,000.00","19,973,500.00","19,040,000.00","-933,500.00",12/29/23,12/30/2023 1:14:58 AM,12/29/23,FIXED RATE,SEMI-ANNUAL,United States of America,Federal Farm Credit Banks Funding Corp,FFCB,U. S. GOVERNMENT SECURITIES,US AGENCIES,,AA+,AA+,AA+,Aaa,Aaa,Aaa,AAA,,F1+,AA+,F1+,AA+,F1+,2.00,D,DAILY,F,CORP-GOVT,1,T,IDSI,CLOSE,G,MBS - MORTGAGE BACKED,0.74,,50.00,4.87,,0.00,0.00
LEQTF FIXED INCOME,58013MFS8,MCDONALD'S CORP,4.600% 09/09/2032 DD 09/09/22,0.05,9/9/32,"2,000,000.00","1,991,120.00","2,022,000.00","30,880.00",12/29/23,12/30/2023 1:14:58 AM,12/29/23,FIXED RATE,SEMI-ANNUAL,McDonald's Corp,McDonald's Corp,MCD,CORPORATE DEBT INSTRUMENTS,RETAIL,BBB+,BBB+,BBB+,BBB+,Baa1,Baa1,Baa1,AAA,WD,NR,WD,NR,WD,NR,2.00,D,DAILY,F,CORP-GOVT,1,T,IDSI,CLOSE,B,BOND,4.55,,4.44,4.44,,0.00,0.00
LEQTF FIXED INCOME,742718FL8,PROCTER & GAMBLE CO/THE,0.550% 10/29/2025 DD 10/29/20,0.01,10/29/25,"3,500,000.00","3,494,330.00","3,271,415.00","-222,915.00",12/29/23,12/30/2023 1:14:58 AM,12/29/23,FIXED RATE,SEMI-ANNUAL,Procter & Gamble Co/The,Procter & Gamble Co/The,PG,CORPORATE DEBT INSTRUMENTS,HOUSEHOLD PRODUCTS,AA-,AA-,AA-,AA-,Aa3,Aa3,Aa3,,,NR,,NR,,NR,2.00,D,DAILY,F,CORP-GOVT,1,T,IDSI,CLOSE,B,BOND,0.59,,4.33,4.34,,0.00,0.00
LEQTF FIXED INCOME,91282CFM8,U S TREASURY NOTE,4.125% 09/30/2027 DD 09/30/22,0.04,9/30/27,"5,000,000.00","4,998,046.88","5,035,150.00","37,103.12",12/29/23,12/30/2023 1:14:58 AM,12/29/23,FIXED RATE,SEMI-ANNUAL,United States of America,United States Treasury Note/Bond,T,U. S. GOVERNMENT SECURITIES,US GOVERNMENTS,AA+,AA+,AA+,,Aaa,Aaa,Aaa,AAA,AA+,F1+,AA+,F1+,AA+,F1+,1.00,D,DAILY,F,CORP-GOVT,1,T,IDSI,CLOSE,B,BOND,4.10,,3.95,3.95,,0.00,0.00
LEQTF FIXED INCOME,94106LBT5,WASTE MANAGEMENT INC,4.625% 02/15/2030 DD 02/15/23,0.05,2/15/30,"7,000,000.00","6,990,060.00","7,088,270.00","98,210.00",12/29/23,12/30/2023 1:14:58 AM,12/29/23,FIXED RATE,SEMI-ANNUAL,Waste Management Inc,Waste Management Inc,WM,CORPORATE DEBT INSTRUMENTS,INDUSTRIAL,A-,A-,A-,A-,Baa1,Baa1,Baa1,,A-,F1,A-,F1,A-,F1,2.00,D,DAILY,F,CORP-GOVT,1,T,IDSI,CLOSE,B,BOND,4.57,,4.39,4.40,,0.00,0.00
LEQTF FIXED INCOME,3134GXCS1,FEDERAL HOME LN MTG CORP,0.625% 11/25/2025 DD 11/25/20,0.01,11/25/25,"15,000,000.00","15,000,000.00","13,940,850.00","-1,059,150.00",12/29/23,12/30/2023 1:14:58 AM,12/29/23,FIXED RATE,SEMI-ANNUAL,United States of America,Federal Home Loan Mortgage Corp,FHLMC,U. S. GOVERNMENT SECURITIES,US AGENCIES,NR,,AA+,,Aaa,,Aaa,AAA,AA+,F1+,,,AA+,F1+,2.00,D,DAILY,F,CORP-GOVT,1,T,IDSI,CLOSE,B,BOND,0.67,,18.86,4.41,,0.00,0.00
LEQTF FIXED INCOME,9128285M8,U S TREASURY NOTE,3.125% 11/15/2028 DD 11/15/18,0.03,11/15/28,"10,000,000.00","9,935,937.50","9,669,900.00","-266,037.50",12/29/23,12/30/2023 1:14:58 AM,12/29/23,FIXED RATE,SEMI-ANNUAL,United States of America,United States Treasury Note/Bond,T,U. S. GOVERNMENT SECURITIES,US GOVERNMENTS,AA+,AA+,AA+,,Aaa,Aaa,Aaa,AAA,AA+,F1+,AA+,F1+,AA+,F1+,1.00,D,DAILY,F,CORP-GOVT,1,T,IDSI,CLOSE,B,BOND,3.24,,3.90,3.90,,0.00,0.00
LEQTF FIXED INCOME,3133EMMP4,FEDERAL FARM CR BK CONS BD,0.390% 07/14/2025 DD 01/14/21,0.00,7/14/25,"10,000,000.00","10,000,000.00","9,380,500.00","-619,500.00",12/29/23,12/30/2023 1:14:58 AM,12/29/23,FIXED RATE,SEMI-ANNUAL,United States of America,Federal Farm Credit Banks Funding Corp,FFCB,U. S. GOVERNMENT SECURITIES,US AGENCIES,,AA+,AA+,AA+,Aaa,Aaa,Aaa,AAA,,F1+,AA+,F1+,AA+,F1+,2.00,D,DAILY,F,CORP-GOVT,1,T,IDSI,CLOSE,B,BOND,0.42,,50.00,4.65,,0.00,0.00
LEQTF FIXED INCOME,3133EMUK6,FEDERAL FARM CR BK CONS BD,1.050% 03/25/2026 DD 03/25/21,0.01,3/25/26,"15,000,000.00","15,000,000.00","13,949,850.00","-1,050,150.00",12/29/23,12/30/2023 1:14:58 AM,12/29/23,FIXED RATE,SEMI-ANNUAL,United States of America,Federal Farm Credit Banks Funding Corp,FFCB,U. S. GOVERNMENT SECURITIES,US AGENCIES,,AA+,AA+,AA+,Aaa,Aaa,Aaa,AAA,,F1+,AA+,F1+,AA+,F1+,2.00,D,DAILY,F,CORP-GOVT,1,T,IDSI,CLOSE,G,MBS - MORTGAGE BACKED,1.13,,50.00,4.46,,0.00,0.00
LEQTF FIXED INCOME,3133EMSW3,FEDERAL FARM CR BK CONS BD,1.400% 03/10/2028 DD 03/10/21,0.01,3/10/28,"17,500,000.00","17,500,000.00","15,685,775.00","-1,814,225.00",12/29/23,12/30/2023 1:14:58 AM,12/29/23,FIXED RATE,SEMI-ANNUAL,United States of America,Federal Farm Credit Banks Funding Corp,FFCB,U. S. GOVERNMENT SECURITIES,US AGENCIES,,AA+,AA+,AA+,Aaa,Aaa,Aaa,AAA,,F1+,AA+,F1+,AA+,F1+,2.00,D,DAILY,F,CORP-GOVT,1,T,IDSI,CLOSE,G,MBS - MORTGAGE BACKED,1.57,,50.00,4.21,,0.00,0.00
LEQTF FIXED INCOME,458140BP4,INTEL CORP,3.400% 03/25/2025 DD 03/25/20,0.03,3/25/25,"5,000,000.00","4,992,250.00","4,915,300.00","-76,950.00",12/29/23,12/30/2023 1:14:58 AM,12/29/23,FIXED RATE,SEMI-ANNUAL,Intel Corp,Intel Corp,INTC,CORPORATE DEBT INSTRUMENTS,TECHNOLOGY,A,A,A,A,A2,A2,A2,,A-,F2,A-,F2,A-,F2,2.00,D,DAILY,F,CORP-GOVT,1,T,IDSI,CLOSE,B,BOND,3.46,,4.97,4.86,,0.00,0.00
LEQTF FIXED INCOME,91282CHV6,U S TREASURY NOTE,5.000% 08/31/2025 DD 08/31/23,0.05,8/31/25,"25,000,000.00","24,975,585.94","25,234,500.00","258,914.06",12/29/23,12/30/2023 1:14:58 AM,12/29/23,FIXED RATE,SEMI-ANNUAL,United States of America,United States Treasury Note/Bond,T,U. S. GOVERNMENT SECURITIES,US GOVERNMENTS,AA+,AA+,AA+,,Aaa,Aaa,Aaa,AAA,AA+,F1+,AA+,F1+,AA+,F1+,1.00,D,DAILY,F,CORP-GOVT,1,T,IDSI,CLOSE,B,BOND,4.96,,4.45,4.45,,0.00,0.00
LEQTF FIXED INCOME,3133EMBH4,FEDERAL FARM CR BK CONS BD,0.530% 09/29/2025 DD 09/29/20,0.01,9/29/25,"20,000,000.00","19,980,000.00","18,692,000.00","-1,288,000.00",12/29/23,12/30/2023 1:14:58 AM,12/29/23,FIXED RATE,SEMI-ANNUAL,United States of America,Federal Farm Credit Banks Funding Corp,FFCB,U. S. GOVERNMENT SECURITIES,US AGENCIES,,AA+,AA+,AA+,Aaa,Aaa,Aaa,AAA,,F1+,AA+,F1+,AA+,F1+,2.00,D,DAILY,F,CORP-GOVT,1,T,IDSI,CLOSE,B,BOND,0.57,,50.00,4.54,,0.00,0.00
LEQTF FIXED INCOME,742718GA1,PROCTER & GAMBLE CO/THE,4.050% 01/26/2033 DD 01/26/23,0.04,1/26/33,"5,000,000.00","4,999,600.00","5,017,100.00","17,500.00",12/29/23,12/30/2023 1:14:58 AM,12/29/23,FIXED RATE,SEMI-ANNUAL,Procter & Gamble Co/The,Procter & Gamble Co/The,PG,CORPORATE DEBT INSTRUMENTS,HOUSEHOLD PRODUCTS,AA-,AA-,AA-,AA-,Aa3,Aa3,Aa3,WR,,NR,,NR,,NR,2.00,D,DAILY,F,CORP-GOVT,1,T,IDSI,CLOSE,B,BOND,4.04,,4.00,4.00,,0.00,0.00
LEQTF FIXED INCOME,78442FDJ4,NAVIENT CORP,5.625% 01/25/2025 DD 02/04/05,0.06,1/25/25,"17,000,000.00","17,000,000.00","15,985,440.00","-1,014,560.00",12/29/23,12/30/2023 1:14:58 AM,12/29/23,FIXED RATE,QUARTERLY,Navient Corp,Navient Corp,NAVI,CORPORATE DEBT INSTRUMENTS,BANKING & FINANCE,BB-,BB-,BB-,B+,Ba3,Ba3,Ba3,BA3,BB-,B,BB-,B,BB-,B,2.00,D,DAILY,F,CORP-GOVT,4,T,IDSI,CLOSE,B,BOND,5.65,,11.66,6.11,,0.00,0.00
LEQTF FIXED INCOME,808513BR5,CHARLES SCHWAB CORP/THE,1.150% 05/13/2026 DD 05/13/21,0.01,5/13/26,"10,000,000.00","9,976,800.00","9,161,300.00","-815,500.00",12/29/23,12/30/2023 1:14:58 AM,12/29/23,FIXED RATE,SEMI-ANNUAL,Charles Schwab Corp/The,Charles Schwab Corp/The,SCHW,CORPORATE DEBT INSTRUMENTS,BANKING & FINANCE,A-,A-,A-,A-,A2,A2,A2,A2,A,F1,A,F1,A,F1,2.00,D,DAILY,F,CORP-GOVT,1,T,IDSI,CLOSE,B,BOND,1.26,,5.10,4.96,,0.00,0.00
LEQTF FIXED INCOME,3133EMYY2,FEDERAL FARM CR BK CONS BD,1.600% 05/11/2029 DD 05/11/21,0.02,5/11/29,"10,000,000.00","10,000,000.00","8,716,400.00","-1,283,600.00",12/29/23,12/30/2023 1:14:58 AM,12/29/23,FIXED RATE,SEMI-ANNUAL,United States of America,Federal Farm Credit Banks Funding Corp,FFCB,U. S. GOVERNMENT SECURITIES,US AGENCIES,,AA+,AA+,AA+,Aaa,Aaa,Aaa,AAA,,F1+,AA+,F1+,AA+,F1+,2.00,D,DAILY,F,CORP-GOVT,1,T,IDSI,CLOSE,G,MBS - MORTGAGE BACKED,1.84,,50.00,4.32,,0.00,0.00
LEQTF FIXED INCOME,3133ENNM8,FEDERAL FARM CR BK CONS BD,2.280% 02/14/2028 DD 02/14/22,0.02,2/14/28,"10,000,000.00","10,000,000.00","9,214,000.00","-786,000.00",12/29/23,12/30/2023 1:14:58 AM,12/29/23,FIXED RATE,SEMI-ANNUAL,United States of America,Federal Farm Credit Banks Funding Corp,FFCB,U. S. GOVERNMENT SECURITIES,US AGENCIES,,AA+,AA+,AA+,Aaa,Aaa,Aaa,AAA,,F1+,AA+,F1+,AA+,F1+,2.00,D,DAILY,F,CORP-GOVT,1,T,IDSI,CLOSE,G,MBS - MORTGAGE BACKED,2.48,,50.00,4.40,,0.00,0.00
LEQTF FIXED INCOME,189054AV1,CLOROX CO/THE,3.100% 10/01/2027 DD 09/28/17,0.03,10/1/27,"2,000,000.00","1,999,320.00","1,894,540.00","-104,780.00",12/29/23,12/30/2023 1:14:58 AM,12/29/23,FIXED RATE,SEMI-ANNUAL LONG,Clorox Co/The,Clorox Co/The,CLX,CORPORATE DEBT INSTRUMENTS,HOUSEHOLD PRODUCTS,BBB+,BBB+,BBB+,BBB+,Baa1,Baa1,Baa1,,WD,WD,WD,WD,WD,WD,2.00,D,DAILY,F,CORP-GOVT,2,T,IDSI,CLOSE,B,BOND,3.27,,4.77,4.66,,0.00,0.00
LEQTF FIXED INCOME,713448FL7,PEPSICO INC,3.600% 02/18/2028 DD 07/18/22,0.04,2/18/28,"2,000,000.00","1,997,440.00","1,958,960.00","-38,480.00",12/29/23,12/30/2023 1:14:58 AM,12/29/23,FIXED RATE,SEMI-ANNUAL LONG,PepsiCo Inc,PepsiCo Inc,PEP,CORPORATE DEBT INSTRUMENTS,FOOD BEVERAGE & TOBACCO,A+,A+,A+,A+,A1,A1,A1,WR,WD,WD,WD,WD,WD,WD,2.00,D,DAILY,F,CORP-GOVT,2,T,IDSI,CLOSE,B,BOND,3.68,,4.18,4.17,,0.00,0.00
LEQTF FIXED INCOME,3133EMH47,FEDERAL FARM CR BK CONS BD,0.600% 06/16/2025 DD 06/16/21,0.01,6/16/25,"15,000,000.00","15,000,000.00","14,150,100.00","-849,900.00",12/29/23,12/30/2023 1:14:58 AM,12/29/23,FIXED RATE,SEMI-ANNUAL,United States of America,Federal Farm Credit Banks Funding Corp,FFCB,U. S. GOVERNMENT SECURITIES,US AGENCIES,,AA+,AA+,AA+,Aaa,Aaa,Aaa,AAA,,F1+,AA+,F1+,AA+,F1+,2.00,D,DAILY,F,CORP-GOVT,1,T,IDSI,CLOSE,G,MBS - MORTGAGE BACKED,0.64,,50.00,4.70,,0.00,0.00
LEQTF FIXED INCOME,097023CD5,BOEING CO/THE,3.200% 03/01/2029 DD 02/15/19,0.03,3/1/29,"4,000,000.00","3,939,720.00","3,743,040.00","-196,680.00",12/29/23,12/30/2023 1:14:58 AM,12/29/23,FIXED RATE,SEMI-ANNUAL LONG,Boeing Co/The,Boeing Co/The,BA,CORPORATE DEBT INSTRUMENTS,AEROSPACE & DEFENSE,BBB-,BBB-,BBB-,BBB-,Baa2,Baa2,Baa2,BAA2,BBB-,F3,BBB-,F3,BBB-,F3,2.00,D,DAILY,F,CORP-GOVT,2,T,IDSI,CLOSE,B,BOND,3.42,,4.70,4.64,,0.00,0.00
LEQTF FIXED INCOME,3133EMLP5,FEDERAL FARM CR BK CONS BD,0.320% 12/23/2024 DD 12/23/20,0.00,12/23/24,"19,000,000.00","19,000,000.00","18,188,320.00","-811,680.00",12/29/23,12/30/2023 1:14:58 AM,12/29/23,FIXED RATE,SEMI-ANNUAL,United States of America,Federal Farm Credit Banks Funding Corp,FFCB,U. S. GOVERNMENT SECURITIES,US AGENCIES,,AA+,AA+,AA+,Aaa,Aaa,Aaa,AAA,,F1+,AA+,F1+,AA+,F1+,2.00,D,DAILY,F,CORP-GOVT,1,T,IDSI,CLOSE,B,BOND,0.34,,50.00,4.91,,0.00,0.00
LEQTF FIXED INCOME,3133EMJ86,FEDERAL FARM CR BK CONS BD,1.300% 12/15/2027 DD 06/15/21,0.01,12/15/27,"15,000,000.00","15,000,000.00","13,482,150.00","-1,517,850.00",12/29/23,12/30/2023 1:14:58 AM,12/29/23,FIXED RATE,SEMI-ANNUAL,United States of America,Federal Farm Credit Banks Funding Corp,FFCB,U. S. GOVERNMENT SECURITIES,US AGENCIES,,AA+,AA+,AA+,Aaa,Aaa,Aaa,AAA,,F1+,AA+,F1+,AA+,F1+,2.00,D,DAILY,F,CORP-GOVT,1,T,IDSI,CLOSE,G,MBS - MORTGAGE BACKED,1.45,,50.00,4.11,,0.00,0.00
LEQTF FIXED INCOME,91282CFB2,U S TREASURY NOTE,2.750% 07/31/2027 DD 07/31/22,0.03,7/31/27,"10,000,000.00","9,853,906.25","9,605,500.00","-248,406.25",12/29/23,12/30/2023 1:14:58 AM,12/29/23,FIXED RATE,SEMI-ANNUAL,United States of America,United States Treasury Note/Bond,T,U. S. GOVERNMENT SECURITIES,US GOVERNMENTS,AA+,AA+,AA+,,Aaa,Aaa,Aaa,AAA,AA+,F1+,AA+,F1+,AA+,F1+,1.00,D,DAILY,F,CORP-GOVT,1,T,IDSI,CLOSE,B,BOND,2.87,,3.97,3.97,,0.00,0.00
LEQTF FIXED INCOME,808513BS3,CHARLES SCHWAB CORP/THE,2.300% 05/13/2031 DD 05/13/21,0.02,5/13/31,"10,000,000.00","9,980,500.00","8,364,100.00","-1,616,400.00",12/29/23,12/30/2023 1:14:58 AM,12/29/23,FIXED RATE,SEMI-ANNUAL,Charles Schwab Corp/The,Charles Schwab Corp/The,SCHW,CORPORATE DEBT INSTRUMENTS,BANKING & FINANCE,A-,A-,A-,A-,A2,A2,A2,A2,A,F1,A,F1,A,F1,2.00,D,DAILY,F,CORP-GOVT,1,T,IDSI,CLOSE,B,BOND,2.75,,5.06,4.97,,0.00,0.00
LEQTF MUTUAL FUND,922040100,VANGUARD INST INDEX-INST,,0.00,,"13,143.02","5,000,000.00","5,171,516.30","171,516.30",12/29/23,12/30/2023 1:14:58 AM,12/29/23,,INTEREST AT MAT OR NO INTEREST,Vanguard Group Inc/The,Vanguard Institutional Index Fund,VINIX,REGISTERED INVESTMENT COMPANIES,US EQUITY FUNDS (US REGULATED),,,,,,,,P-2,,,,,,,1.00,D,DAILY,,COMMON,0,T,IDSI,BID,S,,,,,,,0.00,0.00
LEQTF MUTUAL FUND,921909776,VANGUARD TOT INT ST IDX-INS+,,0.00,,"1,077,140.37","109,110,526.83","133,888,547.99","24,778,021.16",12/29/23,12/30/2023 1:14:58 AM,12/28/23,,INTEREST AT MAT OR NO INTEREST,Vanguard Group Inc/The,Vanguard Total International Stock Index Fund,VTPSX,REGISTERED INVESTMENT COMPANIES,GLOBAL EQUITY FUNDS (US REGULATED),,,,,,,,,,,,,,,1.00,D,DAILY,,COMMON,0,T,IDSI,BID,S,,,,,,,0.00,0.00
LEQTF MUTUAL FUND,,DREYFUS GOVT CAS MGMT INST 289,VAR RT  12/31/2075 DD 06/03/97,0.05,12/31/75,"75,000,717.34","75,000,717.34","75,000,717.34",0.00,12/29/23,12/30/2023 1:14:58 AM,12/29/23,VARIABLE RATE,MONTHLY,Bank of New York Mellon Corp/The,Dreyfus Government Cash Management Funds,,REGISTERED INVESTMENT COMPANIES,SHORT TERM INVESTMENT FUNDS (US REGULATED),,NR,A,,,WR,A1,,,,NR,NR,AA-,F1+,1.00,O,NOT APPLICABLE,V,MUT-FUND,5,BV,BOOK VALUE,,B,BOND,,,0.96,,,0.00,0.00
LEQTF MUTUAL FUND,922040407,VANGUARD INST TTL STK-INST+,,0.00,,"3,115,807.86","169,358,118.66","256,586,777.60","87,228,658.94",12/29/23,12/30/2023 1:14:58 AM,12/29/23,,INTEREST AT MAT OR NO INTEREST,Vanguard Group Inc/The,Vanguard Institutional Total Stock Market Index Fund,VITPX,REGISTERED INVESTMENT COMPANIES,US EQUITY INDEX FUNDS (US REGULATED),,,,,,,,,,,,,,,1.00,D,DAILY,,COMMON,0,T,IDSI,BID,S,,,,,,,0.00,0.00